"Time","Drag Coefficient Monitor: Drag Coefficient Monitor"
1.0,-1.182891163973847E-4
1.0,0.022876837593984827
1.0,0.006072957858285114
1.0,0.0012678986752929534
1.0,0.001612884512661144
1.0,0.0022470805030437376
1.0,0.0019800569844040656
1.0,0.001849704545025404
1.0,0.0015768299951913764
1.0,8.939686086160942E-4
1.0,-0.0011591535395892277
1.0,-3.7752954335846595E-4
1.0,-4.7185182579724136E-5
1.0,2.2513743389733062E-4
1.0,4.2115638470137016E-4
1.0,1.0350342662763735E-4
1.0,-2.958763304393537E-4
1.0,-1.2778181823131158E-4
1.0,2.235540345718204E-4
1.0,5.74757575425917E-4
1.0,6.47316789559585E-4
1.0,8.508307857177413E-4
1.0,8.327616833328851E-4
1.0,8.592148077946835E-4
1.0,5.784738077681082E-4
1.0,-0.001211075641763742
1.0,-0.0010213419036099582
1.0,-8.831393984485704E-4
1.0,-0.0010534030295317796
1.0,-0.0014510479034091214
1.0,-0.0016362181400207574
1.0,-0.0016527858314398936
1.0,-0.0015830481975480917
1.0,-0.001432489802379901
1.0,-0.0011273150817511055
1.0,-7.045265349370011E-4
1.0,-2.921662990390363E-4
1.0,1.0402270977525596E-5
1.0,1.755140314562963E-4
1.0,1.637935417026535E-4
1.0,1.506718256958774E-4
1.0,1.842700906760471E-4
1.0,2.333154400124268E-4
1.0,2.496451201441709E-4
1.0,2.2682927001624686E-4
1.0,1.591601592247782E-4
1.0,9.533041316634331E-5
1.0,7.319138272678846E-5
1.0,6.728448564874224E-5
1.0,3.52171109083911E-5
1.02,-9.978327809117658E-6
1.04,-1.3484247840476662E-5
1.06,-9.567111574545687E-5
1.08,-1.8601449947110935E-4
1.1,-1.4143383010708108E-4
1.12,4.8173132777088804E-5
1.1400000000000001,1.9373060754033323E-4
1.16,2.2936518116367698E-4
1.18,2.2244611191293435E-4
1.2,1.7732705782004743E-4
1.22,1.381091812496091E-4
1.24,1.9839734481508602E-4
1.26,2.261091794285453E-4
1.28,2.718028005331699E-4
1.3,3.081866078591651E-4
1.32,3.090517862994066E-4
1.34,2.6150812485968333E-4
1.3599999999999999,1.8664677114866156E-4
1.38,1.2052659304367022E-4
1.4,6.137597907794274E-5
1.42,1.3253123081507986E-5
1.44,-1.234621703708535E-5
1.46,4.538633801787093E-6
1.48,4.521729190295098E-5
1.5,9.172746795022314E-5
1.52,1.662832854415803E-4
1.54,2.0509787908286326E-4
1.56,1.8739946574019152E-4
1.58,1.4679287465648922E-4
1.6,1.106748769650824E-4
1.62,1.30050835918002E-4
1.6400000000000001,2.0614483510334226E-4
1.6600000000000001,2.958774045226953E-4
1.6800000000000002,3.6329487510918207E-4
1.7,3.729463895917409E-4
1.72,3.284218965423522E-4
1.74,2.2271971628904107E-4
1.76,6.283644180149814E-5
1.78,-8.866390147690059E-5
1.8,-1.8989551384231563E-4
1.8199999999999998,-2.2683183829994193E-4
1.8399999999999999,-2.06959919555412E-4
1.8599999999999999,-1.6117073844941512E-4
1.88,-1.220894781993189E-4
1.9,-1.0239536536653398E-4
1.92,-1.048337045397623E-4
1.94,-1.295661433560991E-4
1.96,-1.7089278264515177E-4
1.98,-2.3442380056538968E-4
2.0,-3.056608936564788E-4
2.02,-3.7510441286751114E-4
2.04,-4.351806981102089E-4
2.06,-4.916689789575836E-4
2.08,-5.291468160459514E-4
2.1,-5.346019502444002E-4
2.12,-5.051501095288506E-4
2.14,-4.4163571150368275E-4
2.16,-3.621370782673561E-4
2.18,-2.6962955465062514E-4
2.2,-1.9813202837652577E-4
2.22,-1.3978349592485014E-4
2.24,-9.240280833158452E-5
2.26,-5.472690398388454E-5
2.2800000000000002,-2.808028773765192E-5
2.3,-6.558023484776509E-6
2.32,1.4023303150427868E-5
2.34,3.2507340751851884E-5
2.36,4.9664018162149184E-5
2.38,6.058589467357262E-5
2.4,5.9179031532574305E-5
2.42,4.939404044561918E-5
2.44,3.337401554035338E-5
2.46,7.257128506961362E-6
2.48,-2.506159771804381E-5
2.5,-5.1507993782994305E-5
2.52,-6.289851294543272E-5
2.54,-5.815380145537397E-5
2.56,-5.0330357118681734E-5
2.58,-5.109516256018131E-5
2.6,-6.145483931082433E-5
2.62,-8.011607243966239E-5
2.64,-1.0180722474526429E-4
2.66,-1.2144927963540761E-4
2.68,-1.364808837592227E-4
2.7,-1.4485412061544122E-4
2.7199999999999998,-1.4510657526769377E-4
2.74,-1.3983943294988834E-4
2.76,-1.2954169054467905E-4
2.7800000000000002,-1.1394391513995548E-4
2.8,-9.666409079626338E-5
2.82,-7.851679196559788E-5
2.84,-6.298657493351151E-5
2.86,-5.108769982327963E-5
2.88,-4.675757646363685E-5
2.9,-5.026878073591563E-5
2.92,-6.282018136860015E-5
2.94,-8.501558777747763E-5
2.96,-1.1085743422305396E-4
2.98,-1.357301303211498E-4
3.0,-1.5468350200879106E-4
3.02,-1.631953570964332E-4
3.04,-1.4214309433623252E-4
3.06,-1.29967809647761E-4
3.08,-1.2888410031275624E-4
3.1,-1.1122410478038582E-4
3.12,-7.28545738175071E-5
3.14,-2.110124789649992E-5
3.16,2.1697526312780497E-5
3.18,3.617168567370841E-5
3.2,2.1589587275707024E-5
3.22,-1.095959317065273E-5
3.24,-4.453694854916168E-5
3.26,-6.71609837031615E-5
3.2800000000000002,-7.467164660987649E-5
3.3,-6.812132441620307E-5
3.32,-5.288425998789241E-5
3.34,-3.664434430791376E-5
3.36,-2.5556944890657773E-5
3.38,-2.400134937302641E-5
3.4,-3.450759757809083E-5
3.42,-5.542747641777166E-5
3.44,-8.071917113305865E-5
3.46,-1.0376916089809051E-4
3.48,-1.2039182933856913E-4
3.5,-1.2741741103976744E-4
3.52,-1.2489791663325813E-4
3.54,-1.1359529567315454E-4
3.56,-9.718476087404776E-5
3.58,-8.125671671303741E-5
3.6,-7.02585335100463E-5
3.62,-6.64158019763385E-5
3.64,-6.849575114041503E-5
3.66,-7.549738584138835E-5
3.68,-8.404366728635032E-5
3.7,-9.174045384100693E-5
3.7199999999999998,-9.647806018374031E-5
3.74,-9.784073500195669E-5
3.76,-9.640737337702194E-5
3.7800000000000002,-9.525180491194561E-5
3.8,-9.591655277052015E-5
3.82,-1.0096970246802501E-4
3.84,-1.0995149760665096E-4
3.86,-1.2168022040015811E-4
3.88,-1.3316797796106584E-4
3.9,-1.4298933349201801E-4
3.92,-1.4957475919854236E-4
3.94,-1.514361302742526E-4
3.96,-1.4804850736639368E-4
3.98,-1.413691774181019E-4
4.0,-1.328545898260382E-4
4.02,-1.2576064338411122E-4
4.04,-1.321015538921046E-4
4.06,-1.529716002575697E-4
4.08,-1.6654321665256149E-4
4.1,-1.7870946297545573E-4
4.12,-1.671588016728454E-4
4.14,-1.6656132680810382E-4
4.16,-1.5255349427102443E-4
4.18,-1.6418391469517725E-4
4.2,-1.7525608866952904E-4
4.22,-1.8548003095164605E-4
4.24,-1.8612195017652646E-4
4.26,-1.807169197012099E-4
4.28,-1.6922649987283065E-4
4.3,-1.58758006354131E-4
4.32,-1.5034244124684527E-4
4.34,-1.470620253479983E-4
4.36,-1.448142135721935E-4
4.38,-1.4385346910584818E-4
4.4,-1.4254203240843797E-4
4.42,-1.3854296964852555E-4
4.44,-1.326082074368019E-4
4.46,-1.2267107711015678E-4
4.48,-1.1549038356425289E-4
4.5,-1.0884421940844148E-4
4.52,-1.0954451074313802E-4
4.54,-1.1409335627499079E-4
4.5600000000000005,-1.3008448552539128E-4
4.58,-1.48082028178812E-4
4.6,-1.713953397298422E-4
4.62,-1.888032851987529E-4
4.64,-2.075909785228873E-4
4.66,-2.1430316354955958E-4
4.68,-2.2072183906285295E-4
4.7,-2.171339643586054E-4
4.72,-2.2113564431628792E-4
4.74,-2.1779610682319978E-4
4.76,-2.2575176420233295E-4
4.78,-2.3085277123874299E-4
4.8,-2.49462721286095E-4
4.82,-2.6042177636981516E-4
4.84,-2.780758734396634E-4
4.86,-2.8314051788012635E-4
4.88,-2.9367917235476363E-4
4.9,-2.8693994433611316E-4
4.92,-2.8449114402334625E-4
4.9399999999999995,-2.6929600457881875E-4
4.96,-2.6640836312099756E-4
4.98,-2.563810425000021E-4
5.0,-2.603068351223869E-4
5.02,-2.591969364265788E-4
5.04,-2.7134257993834403E-4
5.06,-2.889508489326734E-4
5.08,-3.4001642883029485E-4
5.1,-3.641595110750918E-4
5.12,-3.83860100768559E-4
5.14,-3.5415029499902777E-4
5.16,-3.510991604853438E-4
5.18,-3.128448803416366E-4
5.2,-2.9631300276537764E-4
5.22,-2.773063629871193E-4
5.24,-2.7643136357527925E-4
5.26,-2.666751817692705E-4
5.28,-2.670573863986117E-4
5.3,-2.6622860671220443E-4
5.32,-2.780967659728786E-4
5.34,-2.8705333981268033E-4
5.36,-2.990809833899975E-4
5.38,-3.026086382662068E-4
5.4,-3.052014757529142E-4
5.42,-2.9986096263027697E-4
5.44,-2.935504363092478E-4
5.46,-2.846277855340462E-4
5.48,-2.8036587100039695E-4
5.5,-2.809054225928339E-4
5.52,-2.86992039327476E-4
5.54,-2.966727242510044E-4
5.5600000000000005,-3.06996335421783E-4
5.58,-3.1899214866414234E-4
5.6,-3.305708282929933E-4
5.62,-3.431179450293213E-4
5.64,-3.5417405506919943E-4
5.66,-3.642935003747097E-4
5.68,-3.716582577510881E-4
5.7,-3.7456221537355135E-4
5.72,-3.7068769338991495E-4
5.74,-3.6742149601460275E-4
5.76,-3.630357908908618E-4
5.78,-3.604168606562505E-4
5.8,-3.569908831438393E-4
5.82,-3.603785313738809E-4
5.84,-3.63706882489388E-4
5.86,-3.6435375588522007E-4
5.88,-3.531487000130066E-4
5.9,-3.4117315369151265E-4
5.92,-3.207598726305358E-4
5.9399999999999995,-2.9313821187937074E-4
5.96,-2.648654089301746E-4
5.98,-2.508429447976491E-4
6.0,-2.5397893881562515E-4
6.02,-2.697783255319885E-4
6.04,-2.9626497331619264E-4
6.06,-3.3221712662438984E-4
6.08,-3.837138101492443E-4
6.1,-4.4693646032126303E-4
6.12,-4.910898389354886E-4
6.14,-5.049441905079874E-4
6.16,-5.092761673941835E-4
6.18,-5.055700091116623E-4
6.2,-5.130764227006141E-4
6.22,-5.310252966448975E-4
6.24,-5.455238576437482E-4
6.26,-5.537343804692989E-4
6.28,-5.491406803650605E-4
6.3,-5.365799414342831E-4
6.32,-5.233969951197676E-4
6.34,-5.182534789757611E-4
6.36,-5.090224209854173E-4
6.38,-5.039153397952279E-4
6.4,-5.075328890572958E-4
6.42,-5.254258321436148E-4
6.44,-5.47366769116106E-4
6.46,-5.766374145119692E-4
6.48,-6.034008568008288E-4
6.5,-6.312655238595211E-4
6.52,-6.447578555725124E-4
6.54,-6.405526600176974E-4
6.5600000000000005,-6.194179099761602E-4
6.58,-5.90908834676388E-4
6.6,-5.659607517645448E-4
6.62,-5.29701882811738E-4
6.64,-5.011630371654285E-4
6.66,-4.7639661705396486E-4
6.68,-4.6576637784167814E-4
6.7,-4.5771370765796223E-4
6.72,-4.374508138605723E-4
6.74,-4.1006836370756627E-4
6.76,-3.873275914939907E-4
6.78,-3.6909043884299637E-4
6.8,-3.447033868428099E-4
6.82,-3.3313579338753083E-4
6.84,-3.3160456889896384E-4
6.86,-3.425188244047403E-4
6.88,-3.585106594896256E-4
6.9,-3.78169469980235E-4
6.92,-4.0718353980467425E-4
6.9399999999999995,-4.4078180251644697E-4
6.96,-4.7362960726456414E-4
6.98,-5.027074951702111E-4
7.0,-5.348567770279321E-4
7.02,-5.648714059220954E-4
7.04,-5.903012633787314E-4
7.06,-6.149674094018447E-4
7.08,-6.362299424395333E-4
7.1,-6.494200042441891E-4
7.12,-6.443009944678339E-4
7.14,-6.29283820960256E-4
7.16,-6.014147294469321E-4
7.18,-5.593052990181757E-4
7.2,-5.318615799949543E-4
7.22,-5.137510315795895E-4
7.24,-5.003146108112383E-4
7.26,-4.884565520910794E-4
7.28,-4.8687984528561577E-4
7.3,-4.972188557573559E-4
7.32,-5.116098842416562E-4
7.34,-5.391428987668652E-4
7.36,-5.681713185268426E-4
7.38,-5.985049636924452E-4
7.4,-6.08854415486404E-4
7.42,-6.101399156546258E-4
7.44,-5.972992575779548E-4
7.46,-5.913413240307835E-4
7.48,-5.815875643537767E-4
7.5,-5.820194162745868E-4
7.52,-5.936306419659482E-4
7.54,-6.313657239945573E-4
7.5600000000000005,-6.890778230015632E-4
7.58,-7.638548079940095E-4
7.6,-8.489163995956334E-4
7.62,-9.289831799696862E-4
7.64,-9.935291466922405E-4
7.66,-0.0010370810982890124
7.68,-0.0010543458598832182
7.7,-0.0010490013480702243
7.72,-0.0010134154073202885
7.74,-9.713251397233258E-4
7.76,-9.251392413211067E-4
7.78,-8.904349733600008E-4
7.8,-8.655983035144115E-4
7.82,-8.643900842061901E-4
7.84,-8.773336671204585E-4
7.86,-8.922533747906246E-4
7.88,-9.00082514512632E-4
7.9,-8.97949596304394E-4
7.92,-8.77590479720755E-4
7.9399999999999995,-8.457441540097328E-4
7.96,-8.058678338799306E-4
7.98,-7.716274707983471E-4
8.0,-7.477019056436559E-4
8.02,-7.362822672524628E-4
8.04,-7.352707559136426E-4
8.06,-7.449495798889855E-4
8.08,-7.999548028677899E-4
8.1,-8.558729373959211E-4
8.12,-9.077215255877185E-4
8.14,-9.456600468614064E-4
8.16,-9.99316152333987E-4
8.18,-0.0010528556066575798
8.2,-0.0010941212567358006
8.22,-0.0011176331681526446
8.24,-0.0011167389655403093
8.26,-0.0010999500055650236
8.28,-0.0010752700582483405
8.3,-0.0010607355180456248
8.32,-0.0010710613760920374
8.34,-0.00110054227079712
8.36,-0.0011457439690424505
8.38,-0.0011982504665683123
8.4,-0.0012385502655813284
8.42,-0.0012559015103235723
8.44,-0.0012418729829403465
8.46,-0.0012087541073585854
8.48,-0.0011631024508445252
8.5,-0.001109675728084511
8.52,-0.0010625685913412206
8.54,-0.001034393578158654
8.56,-0.001035128300451117
8.58,-0.001059183944512541
8.6,-0.0011038673866262652
8.62,-0.0011501542654940408
8.64,-0.0011923453583547996
8.66,-0.001208509808745383
8.68,-0.001193517407851761
8.7,-0.0011491277012385939
8.72,-0.001090368689264448
8.74,-0.0010264679662148825
8.76,-9.743757269688809E-4
8.78,-9.409330526990423E-4
8.8,-9.341932856070355E-4
8.82,-9.452401583120347E-4
8.84,-9.675698519576028E-4
8.86,-9.89576432112558E-4
8.88,-0.0010027497845889364
8.9,-0.0010067212846978483
8.92,-9.927841240222081E-4
8.94,-9.694881252864781E-4
8.96,-9.439794673869244E-4
8.98,-9.345210116833442E-4
9.0,-9.415598227509668E-4
9.02,-9.607586555187989E-4
9.04,-9.948596828165816E-4
9.06,-0.0010772339966839764
9.08,-0.0011573491795796329
9.1,-0.0012370314355165013
9.12,-0.0012685129543213022
9.14,-0.0012725083493099398
9.16,-0.0012452160051408252
9.18,-0.001195900927185254
9.2,-0.0011272528214351606
9.22,-0.0010449505537775323
9.24,-9.753475028045935E-4
9.26,-9.30300222619816E-4
9.28,-9.168036827756629E-4
9.3,-9.230119387725219E-4
9.32,-9.495815117705536E-4
9.34,-9.81252442300458E-4
9.36,-0.0010068453144555527
9.38,-0.0010152772502581074
9.4,-0.0010026731506516018
9.42,-9.826904970592937E-4
9.44,-9.569816170444714E-4
9.46,-9.35138584398673E-4
9.48,-9.233324423932916E-4
9.5,-9.346512307935528E-4
9.52,-9.671647169554418E-4
9.54,-0.0010090116335557421
9.56,-0.0010523912310975306
9.58,-0.0010936746593325484
9.6,-0.0011253593651335825
9.62,-0.0011423521488356915
9.64,-0.00114843185617444
9.66,-0.0011543237988816755
9.68,-0.0011693495914725633
9.7,-0.001194131045410255
9.72,-0.0012312489974604472
9.74,-0.0012716407926350746
9.76,-0.0013092760314019252
9.78,-0.001324963566050939
9.8,-0.0013178581297343503
9.82,-0.0012813306566951512
9.84,-0.0012230153520514729
9.86,-0.0011447037048558676
9.88,-0.0010648408450935223
9.9,-9.955009460437625E-4
9.92,-9.431733241345479E-4
9.94,-9.10152080905341E-4
9.96,-8.978630199820912E-4
9.98,-8.934648184945814E-4
10.0,-8.878514540577143E-4
10.02,-8.800094498293863E-4
10.04,-8.786114743346192E-4
10.06,-8.950649429111056E-4
10.08,-9.038881261389688E-4
10.1,-8.951809794176967E-4
10.12,-8.57969860728871E-4
10.14,-8.360601726665695E-4
10.16,-8.162806662445393E-4
10.18,-8.252642159969345E-4
10.2,-8.542823481999388E-4
10.22,-8.901025545505702E-4
10.24,-9.18598980379224E-4
10.26,-9.267450247297529E-4
10.28,-9.125770761103796E-4
10.3,-8.742826066009602E-4
10.32,-8.323949834926234E-4
10.34,-7.943278907671798E-4
10.36,-7.687031651887042E-4
10.38,-7.637850438188276E-4
10.4,-7.787851967969913E-4
10.42,-8.056260826336135E-4
10.44,-8.321772249902337E-4
10.46,-8.526144758040109E-4
10.48,-8.574461689399367E-4
10.5,-8.476274551133206E-4
10.52,-8.269970654026083E-4
10.54,-8.07682881566206E-4
10.56,-7.913228664229645E-4
10.58,-7.867222118457126E-4
10.6,-7.845287967007197E-4
10.62,-7.831035630826857E-4
10.64,-7.777016477161128E-4
10.66,-7.629842004439377E-4
10.68,-7.426138717326191E-4
10.7,-7.120584647033159E-4
10.72,-6.79362120687841E-4
10.74,-6.469631645617147E-4
10.76,-6.209810883428637E-4
10.78,-6.119167965351889E-4
10.8,-6.114803546878266E-4
10.82,-6.214056821846896E-4
10.84,-6.321062610987108E-4
10.86,-6.422443819339273E-4
10.88,-6.525756622685794E-4
10.9,-6.549176712930483E-4
10.92,-6.514599384627109E-4
10.94,-6.455926110836973E-4
10.96,-6.376710428504334E-4
10.98,-6.311323422735866E-4
11.0,-6.222259821354392E-4
11.02,-6.065540562017889E-4
11.04,-5.970236742491838E-4
11.06,-5.956908011883852E-4
11.08,-6.049230663084821E-4
11.1,-6.02164374395608E-4
11.12,-5.904735428492829E-4
11.14,-5.687515418777958E-4
11.16,-5.621422417034316E-4
11.18,-5.782834753265267E-4
11.2,-6.094159781322507E-4
11.22,-6.44955628761531E-4
11.24,-6.698005172856564E-4
11.26,-6.879414907981377E-4
11.28,-7.009484636543774E-4
11.3,-7.184937579050082E-4
11.32,-7.360976293720629E-4
11.34,-7.558893350194732E-4
11.36,-7.780513580626006E-4
11.38,-8.027240706042408E-4
11.4,-8.235874261001357E-4
11.42,-8.391317376857539E-4
11.44,-8.512221346912262E-4
11.46,-8.593102726743784E-4
11.48,-8.67313805956369E-4
11.5,-8.753457873096014E-4
11.52,-8.842884594223706E-4
11.54,-8.937243585713967E-4
11.56,-9.016541684713397E-4
11.58,-9.096621384015816E-4
11.6,-9.14478317988128E-4
11.62,-9.16072624500478E-4
11.64,-9.142500553927374E-4
11.66,-9.143741643083055E-4
11.68,-9.11830372625079E-4
11.7,-9.17790709243411E-4
11.72,-9.180933499063848E-4
11.74,-9.208203522939807E-4
11.76,-9.166725864808174E-4
11.78,-9.107053939179565E-4
11.8,-9.011906501991809E-4
11.82,-8.844544996260228E-4
11.84,-8.702640896733261E-4
11.86,-8.557380694034977E-4
11.88,-8.409875213481388E-4
11.9,-8.332557120482066E-4
11.92,-8.267911087453093E-4
11.94,-8.238576981473826E-4
11.96,-8.208443946667737E-4
11.98,-8.177844800561212E-4
12.0,-8.151025930452013E-4
12.02,-8.081330741274757E-4
12.04,-8.096852218230048E-4
12.06,-8.232041477598362E-4
12.08,-8.582716638285962E-4
12.1,-9.033691022121884E-4
12.12,-9.346747269176074E-4
12.14,-9.517633935406452E-4
12.16,-9.456882519448767E-4
12.18,-9.654459141119569E-4
12.2,-9.9036538880815E-4
12.22,-0.0010162651142560154
12.24,-0.001044011457291122
12.26,-0.0010679447248361264
12.28,-0.0010825744742552778
12.3,-0.0010893566225011258
12.32,-0.0010919422121105449
12.34,-0.0010917075665709999
12.36,-0.0010903131187426308
12.38,-0.0010888999281359266
12.4,-0.00108420201844429
12.42,-0.0010862248529696732
12.44,-0.0010858436414656533
12.46,-0.0010856250937072492
12.48,-0.001074689169335736
12.5,-0.0010603413507796167
12.52,-0.001038796805347099
12.54,-0.0010220603762971124
12.56,-0.0010011991481923437
12.58,-9.861871109377903E-4
12.6,-9.710907906620112E-4
12.62,-9.714838753700249E-4
12.64,-9.699439679373023E-4
12.66,-9.765393440474471E-4
12.68,-9.767895799009292E-4
12.7,-9.855466448848303E-4
12.72,-9.86591962659287E-4
12.74,-9.940701224155214E-4
12.76,-9.994019917556286E-4
12.78,-0.0010099891828226281
12.8,-0.001013985025936982
12.82,-0.0010222687663120162
12.84,-0.001025872650962727
12.86,-0.0010288696219419794
12.88,-0.0010292248604332423
12.9,-0.0010280555111485156
12.92,-0.0010223222825177763
12.94,-0.001015583698250134
12.96,-0.001010416293455347
12.98,-0.0010063326864458363
13.0,-9.994096732090793E-4
13.02,-9.958022839585301E-4
13.04,-9.954343510372283E-4
13.06,-0.0010299984320365125
13.08,-0.0010533640747067145
13.1,-0.0010802441929257302
13.12,-0.001077864831847226
13.14,-0.0010728339283289823
13.16,-0.0010605623521897543
13.18,-0.0010530812139929618
13.2,-0.0010524386866675951
13.22,-0.0010590818677209235
13.24,-0.0010622158822522461
13.26,-0.0010627818391667023
13.28,-0.0010602830211075367
13.3,-0.0010621451583454266
13.32,-0.001057753653401035
13.34,-0.0010523892322753367
13.36,-0.0010428747963346396
13.38,-0.0010350569008462137
13.4,-0.0010270412228612633
13.42,-0.0010180904958052757
13.44,-0.0010103052805106635
13.46,-0.0010016629297571278
13.48,-9.943145594328124E-4
13.5,-9.87407755997479E-4
13.52,-9.812920122238532E-4
13.54,-9.726346587236428E-4
13.56,-9.63953350701079E-4
13.58,-9.606064732352841E-4
13.6,-9.518688483617459E-4
13.62,-9.438426091485945E-4
13.64,-9.320756035573858E-4
13.66,-9.26402483390805E-4
13.68,-9.157937191862765E-4
13.7,-9.076222926725374E-4
13.72,-8.905282578213528E-4
13.74,-8.812254708476619E-4
13.76,-8.701877383671516E-4
13.78,-8.619402693512085E-4
13.8,-8.480027197262134E-4
13.82,-8.388510441887905E-4
13.84,-8.270329737698055E-4
13.86,-8.154103660023007E-4
13.88,-8.038160867007529E-4
13.9,-7.965155703901016E-4
13.92,-7.827064392656377E-4
13.94,-7.704778384884723E-4
13.96,-7.597267493696992E-4
13.98,-7.545608294884757E-4
14.0,-7.45138391743763E-4
14.02,-7.346316551580173E-4
14.04,-7.238081641489555E-4
14.06,-7.39614799379786E-4
14.08,-7.558544816854445E-4
14.1,-7.690082935137412E-4
14.12,-7.51086887642814E-4
14.14,-7.286523734314617E-4
14.16,-6.922210330298446E-4
14.18,-6.878654787292849E-4
14.2,-6.781780650955469E-4
14.22,-6.671593106387648E-4
14.24,-6.562632942871986E-4
14.26,-6.416936358173707E-4
14.28,-6.282648321323652E-4
14.3,-6.16602559254816E-4
14.32,-6.037102623117555E-4
14.34,-5.89994811067388E-4
14.36,-5.765972742091751E-4
14.38,-5.654395998782451E-4
14.4,-5.525405402480606E-4
14.42,-5.411464101801162E-4
14.44,-5.260286604970595E-4
14.46,-5.137216289485154E-4
14.48,-4.989840055413153E-4
14.5,-4.861324487606116E-4
14.52,-4.736327281030399E-4
14.54,-4.6281253598578576E-4
14.56,-4.4910525398361625E-4
14.58,-4.364268815224789E-4
14.6,-4.2582288611698894E-4
14.62,-4.1538220697306217E-4
14.64,-4.045271363366901E-4
14.66,-3.9018406389797216E-4
14.68,-3.7647236877862676E-4
14.7,-3.646531236973361E-4
14.72,-3.5303632933652245E-4
14.74,-3.370485816984237E-4
14.76,-3.245260256047402E-4
14.78,-3.1138737812852414E-4
14.8,-2.993547741017491E-4
14.82,-2.857143705828776E-4
14.84,-2.7685044539922296E-4
14.86,-2.6375509759500083E-4
14.88,-2.508214872860308E-4
14.9,-2.391198013316355E-4
14.92,-2.2996847742246424E-4
14.94,-2.205121908273362E-4
14.96,-2.0782549665922774E-4
14.98,-1.9701380464628627E-4
15.0,-1.84618471074425E-4
15.02,-1.7692567328931417E-4
15.04,-1.6993480338231415E-4
15.06,-1.6486948170883466E-4
15.08,-1.5877973439979538E-4
15.1,-1.6533258633818148E-4
15.12,-1.4110584276537478E-4
15.14,-1.2126526887491338E-4
15.16,-9.130468723303662E-5
15.18,-6.456745357438005E-5
15.2,-4.2432493117592817E-5
15.22,-2.1317741438254603E-5
15.24,4.25349674976277E-7
15.26,1.713471596375169E-5
15.28,3.82260203277102E-5
15.3,5.8546844449126176E-5
15.32,7.521941389938922E-5
15.34,8.98942769284065E-5
15.36,1.0612339101428666E-4
15.38,1.2310351788115002E-4
15.4,1.375413332686332E-4
15.42,1.500964066501943E-4
15.44,1.6619372418379897E-4
15.46,1.7788052514443618E-4
15.48,1.8908783197062502E-4
15.5,1.9846583530367708E-4
15.52,2.11723480913459E-4
15.54,2.1962339969898686E-4
15.56,2.3004754107835873E-4
15.58,2.3998153904421687E-4
15.6,2.524732274160506E-4
15.62,2.6182397571366183E-4
15.64,2.735852234149728E-4
15.66,2.8417536550727756E-4
15.68,2.965881275516091E-4
15.7,3.0827203222116856E-4
15.72,3.1949935813926954E-4
15.74,3.3072282590608336E-4
15.76,3.435073375173861E-4
15.78,3.5481337721846533E-4
15.8,3.6480543216312246E-4
15.82,3.759229206981989E-4
15.84,3.853232648553796E-4
15.86,3.9519308129311895E-4
15.88,4.0485108529103695E-4
15.9,4.129412285183256E-4
15.92,4.2239207697272654E-4
15.94,4.3139972732868074E-4
15.96,4.402919910363525E-4
15.98,4.489642634742881E-4
16.0,4.598017756024802E-4
16.02,4.6892614884844327E-4
16.04,4.748475943287761E-4
16.06,4.717824709907297E-4
16.08,4.7087320011045166E-4
16.1,4.698196674658289E-4
16.12,4.994914991304011E-4
16.14,5.254228998441851E-4
16.16,5.576010900339784E-4
16.18,5.716500496115465E-4
16.2,5.918647438496647E-4
16.22,6.075858580663551E-4
16.24,6.272890677462274E-4
16.26,6.450096050399041E-4
16.28,6.631442434210245E-4
16.3,6.743370602664654E-4
16.32,6.869270063959098E-4
16.34,6.980106222765722E-4
16.36,7.101750973997966E-4
16.38,7.172859689565476E-4
16.4,7.286201422391208E-4
16.42,7.35789234375649E-4
16.44,7.431436706645153E-4
16.46,7.504137269609247E-4
16.48,7.561436375441292E-4
16.5,7.578066274334432E-4
16.52,7.567400791570926E-4
16.54,7.566597721979263E-4
16.56,7.579175457359715E-4
16.58,7.59874194801286E-4
16.6,7.54559911754499E-4
16.62,7.52473954531358E-4
16.64,7.518433518690327E-4
16.66,7.517715474114994E-4
16.68,7.501133256091965E-4
16.7,7.52653789094168E-4
16.72,7.523863907686523E-4
16.74,7.531807939449204E-4
16.76,7.556096387766003E-4
16.78,7.616524852643214E-4
16.8,7.658957233810291E-4
16.82,7.693534994325979E-4
16.84,7.701718666368592E-4
16.86,7.786545760990649E-4
16.88,7.854791917027678E-4
16.9,7.884311449553554E-4
16.92,7.937389453712947E-4
16.94,8.000050738595012E-4
16.96,8.04924329616334E-4
16.98,8.118439083292166E-4
17.0,8.185464800256478E-4
17.02,8.255882690411801E-4
17.04,8.134983338788426E-4
17.06,8.02429013786268E-4
17.08,7.925790027855412E-4
17.1,7.924496712193665E-4
17.12,7.99645990623607E-4
17.14,8.12188619051934E-4
17.16,8.145644064971953E-4
17.18,8.353597887153212E-4
17.2,8.496866268436603E-4
17.22,8.585936382475118E-4
17.24,8.628724211217201E-4
17.26,8.695280738348072E-4
17.28,8.739551961137391E-4
17.3,8.78433524807561E-4
17.32,8.831153810481108E-4
17.34,8.89858540724506E-4
17.36,8.897522913839867E-4
17.38,8.890506243054832E-4
17.4,8.88381513062296E-4
17.42,8.871361833074858E-4
17.44,8.806673886115975E-4
17.46,8.768617945641126E-4
17.48,8.682302052485697E-4
17.5,8.584863170450249E-4
17.52,8.453449873615593E-4
17.54,8.320165626768332E-4
17.56,8.223415451746735E-4
17.58,8.103666602269444E-4
17.6,7.956567314873971E-4
17.62,7.866992347730255E-4
17.64,7.797909767469557E-4
17.66,7.71217652155803E-4
17.68,7.66999574004989E-4
17.7,7.618935003016644E-4
17.72,7.585848082226669E-4
17.74,7.542290377839828E-4
17.76,7.543514838809882E-4
17.78,7.512157512792543E-4
17.8,7.511193392580783E-4
17.82,7.450270553570372E-4
17.84,7.432230708086758E-4
17.86,7.431391503269154E-4
17.88,7.416341154942609E-4
17.9,7.363249248661991E-4
17.92,7.340784480521417E-4
17.94,7.314004510962519E-4
17.96,7.306328090087584E-4
17.98,7.299894865878762E-4
18.0,7.282283742717322E-4
18.02,7.281189331285455E-4
18.04,7.206312699173009E-4
18.06,6.994364468118729E-4
18.08,6.561712907852208E-4
18.1,6.418985744755543E-4
18.12,6.185109658463703E-4
18.14,6.300973186693882E-4
18.16,6.279391966603683E-4
18.18,6.510024360459589E-4
18.2,6.668825106402296E-4
18.22,6.800687383875233E-4
18.24,6.80931687176124E-4
18.26,6.88874566796137E-4
18.28,6.884576781637883E-4
18.3,6.92223810288905E-4
18.32,6.948093853814057E-4
18.34,7.000237299962241E-4
18.36,6.987868654373066E-4
18.38,7.070994235288115E-4
18.4,7.122271542893978E-4
18.42,7.184113336028908E-4
18.44,7.151688029871778E-4
18.46,7.150728717001076E-4
18.48,7.096278616308186E-4
18.5,7.04017722247002E-4
18.52,6.8863817149736E-4
18.54,6.762276760387451E-4
18.56,6.628903813772699E-4
18.58,6.477636379982677E-4
18.6,6.362443817399438E-4
18.62,6.284999316743069E-4
18.64,6.215517881217975E-4
18.66,6.127166359055879E-4
18.68,6.099197075194269E-4
18.7,6.074432426949023E-4
18.72,6.12447786551346E-4
18.74,6.11112930946866E-4
18.76,6.152143424006987E-4
18.78,6.190116164269822E-4
18.8,6.264051458004276E-4
18.82,6.279545108839089E-4
18.84,6.361917785860695E-4
18.86,6.407731798489257E-4
18.88,6.451338268148436E-4
18.9,6.498600393397557E-4
18.92,6.543845909254668E-4
18.94,6.600956546826293E-4
18.96,6.644892244822701E-4
18.98,6.691983939692176E-4
19.0,6.711439377093667E-4
19.02,6.780068577716412E-4
19.04,6.872646820790533E-4
19.06,6.835430951678884E-4
19.08,6.562998517604819E-4
19.1,6.408009561871273E-4
19.12,6.313741044189048E-4
19.14,6.563018010133384E-4
19.16,6.764528135207517E-4
19.18,6.946976940453074E-4
19.2,7.158385141656431E-4
19.22,7.316767722201522E-4
19.24,7.452848264745542E-4
19.26,7.625191752196488E-4
19.28,7.743989622579717E-4
19.3,7.920081820628397E-4
19.32,8.024958678322366E-4
19.34,8.120894764966516E-4
19.36,8.173642667596997E-4
19.38,8.216709530851992E-4
19.4,8.229861052435142E-4
19.42,8.194560884014377E-4
19.44,8.11333824807246E-4
19.46,8.04237387788707E-4
19.48,7.971517239925366E-4
19.5,7.876203183731052E-4
19.52,7.797789352788435E-4
19.54,7.723806725557404E-4
19.56,7.62803863936667E-4
19.58,7.597497987217795E-4
19.6,7.576939054053001E-4
19.62,7.574842463422546E-4
19.64,7.573196711129547E-4
19.66,7.626409273098022E-4
19.68,7.631612085585338E-4
19.7,7.743930552526323E-4
19.72,7.787023633845419E-4
19.74,7.886078827188433E-4
19.76,7.88052408097576E-4
19.78,8.013160118231784E-4
19.8,7.992995610989133E-4
19.82,8.122561531006539E-4
19.84,8.051211868587538E-4
19.86,8.15020874893922E-4
19.88,8.05174690288032E-4
19.9,8.106891633112709E-4
19.92,8.030763180766556E-4
19.94,8.06915174536179E-4
19.96,7.94047625939383E-4
19.98,7.911589688852347E-4
20.0,7.807625454198345E-4
20.02,7.78806391265834E-4
20.04,7.699814692128025E-4
20.06,7.441628478796833E-4
20.08,7.076983492835876E-4
20.1,6.844187101878259E-4
20.12,6.732204877113998E-4
20.14,6.890767676620648E-4
20.16,6.988496951716931E-4
20.18,7.09646406758885E-4
20.2,7.262977029390453E-4
20.22,7.318693998793151E-4
20.24,7.309477498983084E-4
20.26,7.330398366937678E-4
20.28,7.29676543023873E-4
20.3,7.305508554036616E-4
20.32,7.287782788498175E-4
20.34,7.336906639657852E-4
20.36,7.252488044277073E-4
20.38,7.318686748439173E-4
20.4,7.263286665688445E-4
20.42,7.293992846988911E-4
20.44,7.160536915992032E-4
20.46,7.192106874756486E-4
20.48,7.014102640484463E-4
20.5,7.016944514831872E-4
20.52,6.862687857975498E-4
20.54,6.825121184101912E-4
20.56,6.647598224877439E-4
20.58,6.65013888266719E-4
20.6,6.482494759327964E-4
20.62,6.511437924692154E-4
20.64,6.35064232546095E-4
20.66,6.389067064167221E-4
20.68,6.235098625762462E-4
20.7,6.265631774436359E-4
20.72,6.13199456789144E-4
20.74,6.155224699598308E-4
20.76,5.972235155384264E-4
20.78,6.001897651750753E-4
20.8,5.826549411443359E-4
20.82,5.797533190636925E-4
20.84,5.623437729737099E-4
20.86,5.593422665418869E-4
20.88,5.369922787881328E-4
20.9,5.324557872904315E-4
20.92,5.127137156367598E-4
20.94,5.079464348851564E-4
20.96,4.927385468839084E-4
20.98,4.836072124028915E-4
21.0,4.7069458635613836E-4
21.02,4.622244738204202E-4
21.04,4.4289118770141073E-4
21.06,3.969951249103204E-4
21.08,3.4282958381171404E-4
21.1,3.0367561589223976E-4
21.12,2.8035856431375987E-4
21.14,2.8204786088563844E-4
21.16,2.859835987649466E-4
21.18,2.8536425077745986E-4
21.2,2.9534160530156437E-4
21.22,2.876257237432261E-4
21.24,2.834593479930292E-4
21.26,2.750497743263845E-4
21.28,2.663008467080194E-4
21.3,2.6136809769380405E-4
21.32,2.5944870272665656E-4
21.34,2.572490660897301E-4
21.36,2.5564524167102145E-4
21.38,2.573252476306996E-4
21.4,2.536689709816096E-4
21.42,2.5323499902718956E-4
21.44,2.4214811793752547E-4
21.46,2.4672728916481153E-4
21.48,2.3212202980784106E-4
21.5,2.3476520503643792E-4
21.52,2.154233944270053E-4
21.54,2.2402669191948533E-4
21.56,2.0560041158274248E-4
21.58,2.1109537865881037E-4
21.6,1.9389911277023497E-4
21.62,1.9988012046885285E-4
21.64,1.800753682882043E-4
21.66,1.8827757139116912E-4
21.68,1.7049998478496818E-4
21.7,1.7533416879551362E-4
21.72,1.569720235004066E-4
21.74,1.626322898857746E-4
21.76,1.457901148657808E-4
21.78,1.5384741806683046E-4
21.8,1.359839790022494E-4
21.82,1.4146947149086994E-4
21.84,1.2733868994389434E-4
21.86,1.3393651100193011E-4
21.88,1.2258211840243555E-4
21.9,1.260021873364862E-4
21.92,1.1935049591295708E-4
21.94,1.265397604767436E-4
21.96,1.2290235500849885E-4
21.98,1.3126903109739557E-4
22.0,1.3193014666443864E-4
22.02,1.3960887240341486E-4
22.04,1.299014466132932E-4
22.06,1.1450519814964552E-4
22.08,7.664848959122391E-5
22.1,5.9670953325967426E-5
22.12,2.7998478523314535E-5
22.14,4.988931498578294E-5
22.16,3.5231616033125324E-5
22.18,5.2603249143862494E-5
22.2,6.24861601590916E-5
22.22,5.892300585512203E-5
22.24,4.005991022659283E-5
22.26,3.429436985127369E-5
22.28,1.979501592967535E-5
22.3,1.4592961761053698E-5
22.32,-4.637601501712999E-6
22.34,-6.811644195679857E-6
22.36,-2.7122144072826466E-5
22.38,-2.181936347107196E-5
22.4,-4.04555569869348E-5
22.42,-3.2229345388520755E-5
22.44,-5.148721884138926E-5
22.46,-3.366729516116186E-5
22.48,-4.37329004527702E-5
22.5,-2.60700144200713E-5
22.52,-2.9211098546269383E-5
22.54,-1.0850439154446438E-5
22.56,-1.529867319224623E-5
22.58,6.599216760899159E-6
22.6,5.764820442724817E-6
22.62,1.900785188677761E-5
22.64,1.4872574068724788E-5
22.66,3.094939718742957E-5
22.68,2.7437592283710658E-5
22.7,4.46459617641669E-5
22.72,3.747172417516337E-5
22.74,5.356792032799584E-5
22.76,4.300113788889187E-5
22.78,6.26312806071878E-5
22.8,6.172662762747645E-5
22.82,7.300599195827588E-5
22.84,7.339366643218145E-5
22.86,9.105836520120799E-5
22.88,9.179738668481044E-5
22.9,1.0636284816410341E-4
22.92,1.1236475520251807E-4
22.94,1.2726206863683287E-4
22.96,1.2842223370158784E-4
22.98,1.4587963360285802E-4
23.0,1.535939108860447E-4
23.02,1.7206356681797517E-4
23.04,1.733508571336241E-4
23.06,1.739315919855654E-4
23.08,1.5445055491475918E-4
23.1,1.6112897821830822E-4
23.12,1.6456142430687184E-4
23.14,2.066495342723652E-4
23.16,2.2998483371767516E-4
23.18,2.7249417324033833E-4
23.2,3.1875608415121254E-4
23.22,3.498169155949607E-4
23.24,3.681104764456268E-4
23.26,3.945993611835877E-4
23.28,4.0913192431717735E-4
23.3,4.3491247448281835E-4
23.32,4.4975954000886075E-4
23.34,4.7589179243004486E-4
23.36,4.880264816507747E-4
23.38,5.154045402484465E-4
23.4,5.23497551587038E-4
23.42,5.536609273633817E-4
23.44,5.581148001648769E-4
23.46,5.822985305381979E-4
23.48,5.815872511304495E-4
23.5,6.091394178695385E-4
23.52,6.122247213472148E-4
23.54,6.390448177898597E-4
23.56,6.338730054280864E-4
23.58,6.556010328174734E-4
23.6,6.484675949338395E-4
23.62,6.686610242925465E-4
23.64,6.603004997582273E-4
23.66,6.72180123852508E-4
23.68,6.653549440694823E-4
23.7,6.863508705917548E-4
23.72,6.824581340834143E-4
23.74,6.979447878860388E-4
23.76,6.947187153280597E-4
23.78,7.15327208493733E-4
23.8,7.048507317245084E-4
23.82,7.175372601908984E-4
23.84,7.112318683576488E-4
23.86,7.2253680524322E-4
23.88,7.163325243344301E-4
23.9,7.327330341171269E-4
23.92,7.312292292787726E-4
23.94,7.427413635346904E-4
23.96,7.429242714802211E-4
23.98,7.509267554634016E-4
24.0,7.457950475460182E-4
24.02,7.486397221821793E-4
24.04,7.42887402546163E-4
24.06,7.466716013444398E-4
24.08,7.302537665137847E-4
24.1,7.256454448473189E-4
24.12,7.272613474807254E-4
24.14,7.656806908671125E-4
24.16,7.876390846670674E-4
24.18,8.243226834681449E-4
24.2,8.671354891717431E-4
24.22,8.829870226137962E-4
24.24,9.028334197020403E-4
24.26,9.148449853341351E-4
24.28,9.260124524005832E-4
24.3,9.336893611513045E-4
24.32,9.416563557960391E-4
24.34,9.604929719076344E-4
24.36,9.705523044410634E-4
24.38,9.978060571237074E-4
24.4,0.001003122845613557
24.42,0.0010283191407674148
24.44,0.001018731361756289
24.46,0.0010396095479867809
24.48,0.0010203223857598483
24.5,0.001028330998536468
24.52,0.001002580256607374
24.54,0.0010098031451282316
24.56,9.83405014787045E-4
24.58,9.923035652327358E-4
24.6,9.704731052758188E-4
24.62,9.829573675604357E-4
24.64,9.613468966165018E-4
24.66,9.661296941225737E-4
24.68,9.518471460331449E-4
24.7,9.580180169777954E-4
24.72,9.299560740360539E-4
24.74,9.332775807441364E-4
24.76,9.131541942099615E-4
24.78,9.138194069585793E-4
24.8,8.99091338860106E-4
24.82,9.11099913336597E-4
24.84,8.999277483502566E-4
24.86,9.095018336035188E-4
24.88,9.02880101250358E-4
24.9,9.158589688328079E-4
24.92,9.002323517318091E-4
24.94,8.994384057227972E-4
24.96,8.825696549441107E-4
24.98,8.798957075082527E-4
25.0,8.630531506355768E-4
25.02,8.587972902809281E-4
25.04,8.348822106076923E-4
25.06,8.158016857609835E-4
25.08,7.787816025514498E-4
25.1,7.794102789575191E-4
25.12,7.672913133436112E-4
25.14,8.082314397507733E-4
25.16,8.189185058324872E-4
25.18,8.579996108479098E-4
25.2,8.910791901199931E-4
25.22,9.052699164871737E-4
25.24,8.975519792333808E-4
25.26,8.945131461471325E-4
25.28,8.788072877163983E-4
25.3,8.840673316790526E-4
25.32,8.785638340064546E-4
25.34,8.936654143810983E-4
25.36,8.934730091216897E-4
25.38,9.180674900700431E-4
25.4,9.202613671396456E-4
25.42,9.446392469429482E-4
25.44,9.315499350466557E-4
25.46,9.461556069582246E-4
25.48,9.25157257334532E-4
25.5,9.328797725875409E-4
25.52,9.130100885712191E-4
25.54,9.234135971769189E-4
25.56,8.98349975905169E-4
25.58,9.078891374886738E-4
25.6,8.932255544689095E-4
25.62,9.068900373929809E-4
25.64,8.880127649744769E-4
25.66,8.93904345512393E-4
25.68,8.832674544885588E-4
25.7,8.992175943399327E-4
25.72,8.895123618794708E-4
25.74,9.059494262515898E-4
25.76,9.055533284201819E-4
25.78,9.273293126817254E-4
25.8,9.190936831926434E-4
25.82,9.329492508142036E-4
25.84,9.225304662000066E-4
25.86,9.326017898493692E-4
25.88,9.17384390992995E-4
25.9,9.266420923774874E-4
25.92,9.252663754966302E-4
25.94,9.48996186651102E-4
25.96,9.535873207222951E-4
25.98,9.834206535430736E-4
26.0,9.901267149480004E-4
26.02,0.0010163015050381218
26.04,0.0010185052755249167
26.06,0.0010136235101995074
26.08,9.922289642205174E-4
26.1,9.985525525438273E-4
26.12,0.0010068751609619414
26.14,0.001059339956394147
26.16,0.0010691914709539355
26.18,0.0011066370004022637
26.2,0.0011552846769654903
26.22,0.0011742555398156931
26.24,0.0011916691146089697
26.26,0.001208845077033275
26.28,0.0012231076263029034
26.3,0.001241172959047173
26.32,0.00125479443791605
26.34,0.0012746211785525576
26.36,0.0012807422112145728
26.38,0.0013026167524997365
26.4,0.0012959508036610278
26.42,0.0013180916538609979
26.44,0.0013135727255198738
26.46,0.0013453359326945163
26.48,0.001337549190497084
26.5,0.0013687577740616843
26.52,0.0013649237981475043
26.54,0.001391758245219257
26.56,0.001379892836367115
26.58,0.0013993741385623186
26.6,0.001386542780062711
26.62,0.0013912788025280888
26.64,0.001382953858849227
26.66,0.001403140032310458
26.68,0.0013934872211974515
26.7,0.0014037068950584768
26.72,0.0013968233409891782
26.74,0.0014143240662481719
26.76,0.0014058116550859656
26.78,0.0014148044766848305
26.8,0.0014083300680015013
26.82,0.001425813967634158
26.84,0.0014142436209092575
26.86,0.001428218664201976
26.88,0.0014266307913643782
26.9,0.0014436129479094644
26.92,0.0014367477625535296
26.94,0.001447868275609156
26.96,0.0014488221575172868
26.98,0.0014694687682492704
27.0,0.0014631125212500526
27.02,0.0014756313754285232
27.04,0.0014616977243811253
27.06,0.0014576018378175035
27.08,0.0014433024276128796
27.1,0.001472111896398477
27.12,0.0014691599295708461
27.14,0.001514988990218384
27.16,0.0014971409243900557
27.18,0.0015224481635897416
27.2,0.0015474157861002861
27.22,0.00154450921905397
27.24,0.0015397970784337407
27.26,0.0015470109035689923
27.28,0.0015481339507252279
27.3,0.0015578582401474148
27.32,0.0015540128709128534
27.34,0.001568885616025073
27.36,0.0015589080934111643
27.38,0.0015774364224890355
27.4,0.0015660454550137717
27.42,0.0015811306604204573
27.44,0.001560402164552464
27.46,0.0015718178283538272
27.48,0.0015572328124596794
27.5,0.001572298178203541
27.52,0.0015502899191669763
27.54,0.0015602980787263118
27.56,0.0015390107016212385
27.58,0.0015462695988938727
27.6,0.0015279748783086251
27.62,0.0015388172795155477
27.64,0.0015142102687724557
27.66,0.001513670094753438
27.68,0.0014981345432584232
27.7,0.0015119802292308422
27.72,0.001491789116542214
27.74,0.0014932700924515816
27.76,0.001478196517894324
27.78,0.0014869250461924488
27.8,0.0014777394830898332
27.82,0.0014864669503232
27.84,0.0014774655482068999
27.86,0.0014845911151281474
27.88,0.0014800109432012317
27.9,0.001492187083848483
27.92,0.0014872510004944911
27.94,0.0014970950058486095
27.96,0.0014928359575175248
27.98,0.001502165102362913
28.0,0.0015003195180407004
28.02,0.0015127644239810575
28.04,0.0014926757304063848
28.06,0.0014769648619439527
28.08,0.0014382797414442298
28.1,0.001435179326341955
28.12,0.0014083568773739486
28.14,0.0014346332014763075
28.16,0.0014218790870931264
28.18,0.0014409250209183582
28.2,0.001460651986098121
28.22,0.0014597730879659478
28.24,0.001448301354209559
28.26,0.001442264482128736
28.28,0.0014244112523419535
28.3,0.001430666504384503
28.32,0.0014234055814080445
28.34,0.0014367675825828795
28.36,0.0014273202885744375
28.38,0.0014481385500796963
28.4,0.001441377945900572
28.42,0.0014630780430792184
28.44,0.0014476812693129384
28.46,0.0014683127539071874
28.48,0.0014467492570163774
28.5,0.0014617548453911423
28.52,0.001444200735199718
28.54,0.001465831035530183
28.56,0.0014450839326696195
28.58,0.0014625088420133331
28.6,0.0014494974377990087
28.62,0.001472121368911888
28.64,0.0014575613204620246
28.66,0.0014731973433500614
28.68,0.00145783292923691
28.7,0.0014730726785847574
28.72,0.0014561902575779707
28.74,0.0014762925790174045
28.76,0.0014609167063207912
28.78,0.0014771168060865145
28.8,0.0014608805078346289
28.82,0.0014861968240549143
28.84,0.0014756025399910663
28.86,0.001499947389883031
28.88,0.0014879462220837069
28.9,0.0015129940105245731
28.92,0.0015051554451691411
28.94,0.0015324644666611228
28.96,0.0015237830200875255
28.98,0.0015490208527134137
29.0,0.0015400550799308445
29.02,0.0015656481904906708
29.04,0.0015453181828474446
29.06,0.0015485444054997581
29.08,0.0015073172048613807
29.1,0.0015328596018955524
29.12,0.0015036614232768872
29.14,0.0015805914182767105
29.16,0.0015531223688893948
29.18,0.0015858255384452037
29.2,0.001617029318955584
29.22,0.0016233950488284668
29.24,0.0016138615322385894
29.26,0.0016274277957352423
29.28,0.0016151689414789343
29.3,0.0016338386128392907
29.32,0.0016207790777116506
29.34,0.0016499053179336626
29.36,0.0016402272791883328
29.38,0.0016651970693427984
29.4,0.0016479397421624916
29.42,0.001669079830205942
29.44,0.00165811775849215
29.46,0.0016743324245199532
29.48,0.001647264655096973
29.5,0.001659886724227645
29.52,0.0016396476283957392
29.54,0.0016460517300340527
29.56,0.0016290832110136075
29.58,0.0016319535267112668
29.6,0.0016132717850787556
29.62,0.0016188611260099539
29.64,0.0016026774938746261
29.66,0.0016083631095091967
29.68,0.0015948655376660608
29.7,0.00159319244951857
29.72,0.001578137495812483
29.74,0.0015911918820995655
29.76,0.0015699340515886086
29.78,0.0015762865610776332
29.8,0.001560028937130555
29.82,0.001570991995281041
29.84,0.0015584541498332852
29.86,0.001568648538000298
29.88,0.0015583505988519028
29.9,0.0015648846219903844
29.92,0.001553368039597556
29.94,0.0015640583202295659
29.96,0.0015571153221389702
29.98,0.0015658130814910302
30.0,0.0015522248782614033
30.02,0.0015584467023504898
30.04,0.0015379966622923141
30.06,0.0015288788301742458
30.08,0.0014930663348422639
30.1,0.0014907660959639578
30.12,0.0014818771876694604
30.14,0.0015152151968654023
30.16,0.0015338463938501625
30.18,0.0015477843911539967
30.2,0.0015598332984668286
30.22,0.001559828510261945
30.24,0.0015528320857096745
30.26,0.001553106950531283
30.28,0.001550701219353381
30.3,0.0015552020919391224
30.32,0.0015587059575156354
30.34,0.0015729932980562318
30.36,0.0015795456937217625
30.38,0.0015924275702142465
30.4,0.0015924339982593856
30.42,0.0016062797480639625
30.44,0.0016047630046854308
30.46,0.0016173599359822787
30.48,0.0016094052672540307
30.5,0.0016168826703399045
30.52,0.00160623552478854
30.54,0.0016131417883710117
30.56,0.001604520214299762
30.58,0.0016134023927889764
30.6,0.0015925085361500036
30.62,0.00159410789005339
30.64,0.0015723794285615075
30.66,0.0015755718269249205
30.68,0.0015467111680586916
30.7,0.0015381999722567736
30.72,0.0015078851459616486
30.74,0.0015129413857380017
30.76,0.0014932432310716848
30.78,0.0014915016010310707
30.8,0.001468338098077323
30.82,0.0014727953768749469
30.84,0.0014622361619583807
30.86,0.0014767623527835415
30.88,0.0014705378617010513
30.9,0.0014826405980989798
30.92,0.0014849883399233696
30.94,0.0015086434782716597
30.96,0.0015134396438298804
30.98,0.0015343879934202637
31.0,0.0015366844242101843
31.02,0.0015626238869734803
31.04,0.0015393200421071564
31.06,0.0015222627805084562
31.08,0.001500242565171175
31.1,0.001499884248314939
31.12,0.001500463885491957
31.14,0.0015445683798409973
31.16,0.0015809666454359788
31.18,0.0016105051020937845
31.2,0.0016469116820918553
31.22,0.0016644417432394325
31.24,0.0016762363388324953
31.26,0.001692869283200779
31.28,0.0017007637385730598
31.3,0.0017177292729545078
31.32,0.0017273739259715446
31.34,0.0017498275746262858
31.36,0.0017516018925598524
31.38,0.0017631968887715562
31.4,0.0017496948199435803
31.42,0.0017567580847914128
31.44,0.00173772535885074
31.46,0.0017406477150847075
31.48,0.0017095357017643097
31.5,0.0017069446628291461
31.52,0.0016709049616479806
31.54,0.0016708662332210046
31.56,0.0016318627077343971
31.58,0.0016334975014416977
31.6,0.00159553974262579
31.62,0.0015878189792128189
31.64,0.0015513251461888489
31.66,0.0015543101359438698
31.68,0.001520178292678151
31.7,0.0015052236471153856
31.72,0.0014715706029382984
31.74,0.001468915105197212
31.76,0.001437084591105662
31.78,0.0014423992153564402
31.8,0.0014193083844590195
31.82,0.0014164354524495307
31.84,0.0013968503113496436
31.86,0.0014001512896817305
31.88,0.0013749961778793118
31.9,0.0013790432008174399
31.92,0.0013553892630084477
31.94,0.0013603871987381095
31.96,0.0013383481188070647
31.98,0.0013479358981968094
32.0,0.0013234559586980347
32.02,0.0013271641368223942
32.04,0.0013081394252695798
32.06,0.0012564815673822207
32.08,0.001205299942747821
32.1,0.0011350159773677996
32.12,0.0010238679833098133
32.14,9.13924228267833E-4
32.16,8.444039082355291E-4
32.18,7.93588389551475E-4
32.2,7.44244974550406E-4
32.22,7.011913856608148E-4
32.24,6.416065217141712E-4
32.26,5.747450396473314E-4
32.28,4.5937978595270374E-4
32.3,3.655436995621188E-4
32.32,2.448574181660554E-4
32.34,1.641767438652905E-4
32.36,6.18033166206456E-5
32.38,-4.762221596103581E-6
32.4,-9.052331758899201E-5
32.42,-1.4617298355083455E-4
32.44,-2.2122592172259294E-4
32.46,-2.5688254879951364E-4
32.48,-3.110693555007821E-4
32.5,-3.359235106903719E-4
32.52,-3.779515797785637E-4
32.54,-3.9292202341325623E-4
32.56,-4.3364945715593885E-4
32.58,-4.532103335917291E-4
32.6,-4.876362740482899E-4
32.62,-4.986478641451205E-4
32.64,-5.180651042361813E-4
32.66,-5.181214975591396E-4
32.68,-5.322548294730657E-4
32.7,-5.259914980672314E-4
32.72,-5.321134053023453E-4
32.74,-5.19349913351379E-4
32.76,-5.306608079065683E-4
32.78,-5.14057715348409E-4
32.8,-5.252539902253847E-4
32.82,-5.119110380168622E-4
32.84,-5.179264601927959E-4
32.86,-5.063744842491705E-4
32.88,-5.194794992121486E-4
32.9,-5.078183329491397E-4
32.92,-5.155044229715246E-4
32.94,-5.096982151497928E-4
32.96,-5.273230464765873E-4
32.98,-5.239256057294111E-4
33.0,-5.440506131296965E-4
33.02,-5.438251266111852E-4
33.04,-5.645415054086067E-4
33.06,-6.171438095557925E-4
33.08,-7.06810417234435E-4
33.1,-7.963424786965814E-4
33.12,-9.152340743066094E-4
33.14,-9.965647686551382E-4
33.16,-0.0010312037670908208
33.18,-0.0010397113983472807
33.2,-0.0010321326928335443
33.22,-0.0010268471786214275
33.24,-0.0010512028386287198
33.26,-0.0010959148963492933
33.28,-0.0011591472494741982
33.3,-0.0012067056942014767
33.32,-0.0012575917119102657
33.34,-0.0012751593078708097
33.36,-0.001290042963243447
33.38,-0.0012478709194664816
33.4,-0.0011958135980904845
33.42,-0.0010972071769716101
33.44,-0.0010497451820978528
33.46,-0.0010278668046476076
33.48,-0.0010711234216971815
33.5,-0.0011245855400698866
33.52,-0.0012114195824531675
33.54,-0.0012453028063749998
33.56,-0.0012563655774517752
33.58,-0.001185653401151094
33.6,-0.001087740404997126
33.62,-9.73923007467681E-4
33.64,-8.963012555999902E-4
33.66,-8.637958541198109E-4
33.68,-8.976010317258825E-4
33.7,-9.401413632259783E-4
33.72,-9.902513160069402E-4
33.74,-0.0010087411544424196
33.76,-0.0010053999190222207
33.78,-9.622012677686259E-4
33.8,-8.922794658064385E-4
33.82,-8.054143366440948E-4
33.84,-7.14757931093001E-4
33.86,-6.127022178225707E-4
33.88,-5.051939476467329E-4
33.9,-3.9930322494603185E-4
33.92,-3.0741279988757243E-4
33.94,-2.2336665586230123E-4
33.96,-1.516643041265043E-4
33.98,-8.585952220847833E-5
34.0,-2.898094367987303E-5
34.02,2.9833449162697684E-5
34.04,7.227208516416476E-5
34.06,9.3150200700602E-5
34.08,1.37321130383044E-4
34.1,2.4224125227376484E-4
34.12,4.4028784017602145E-4
34.14,7.265888588283222E-4
34.16,0.0010963243512355004
34.18,0.0015251862431362431
34.2,0.0019816994164443755
34.22,0.0024176463868905876
34.24,0.0027295367586860843
34.26,0.002926157871482665
34.28,0.0029868499371227134
34.3,0.0030024638052242605
34.32,0.002953591964617609
34.34,0.0029285876548101777
34.36,0.0028966064474984293
34.38,0.0029334137710138137
34.4,0.0029051795445943058
34.42,0.0028814793608819534
34.44,0.002751812244899892
34.46,0.002713805773084651
34.48,0.002749715355507028
34.5,0.0029615754282597195
34.52,0.003105878352589924
34.54,0.003165173474857423
34.56,0.003021340163847505
34.58,0.002890841981922422
34.6,0.0027452868371568044
34.62,0.002618943581389993
34.64,0.0022677137748423727
34.66,0.0017449478815751444
34.68,0.001105326683414974
34.7,5.818524884693042E-4
34.72,8.101524344855873E-5
34.74,-3.618382657016245E-4
34.76,-9.405541712639999E-4
34.78,-0.001624873807716002
34.8,-0.0025098853804679006
34.82,-0.0034279029473310457
34.84,-0.004292169231603107
34.86,-0.005130442061452426
34.88,-0.005881080492745388
34.9,-0.006609042085705365
34.92,-0.007344776691658351
34.94,-0.008039787523716164
34.96,-0.008753736644328458
34.98,-0.009392236388853148
35.0,-0.010009570142982859
35.02,-0.01056043811768306
35.04,-0.01115414318518472
35.06,-0.011863615717766918
35.08,-0.012634898429082947
35.1,-0.01335199557969424
35.12,-0.014041827746166233
35.14,-0.01469027591957756
35.16,-0.015381640469162423
35.18,-0.016109196282386877
35.2,-0.016837839128379887
35.22,-0.017506132026497888
35.24,-0.018075851389173427
35.26,-0.01845715445598032
35.28,-0.018618783100559217
35.3,-0.018533936983030234
35.32,-0.01831968704586901
35.34,-0.01803055566479525
35.36,-0.017764713705151355
35.38,-0.017464857520470875
35.4,-0.01714832912960634
35.42,-0.016671353602087217
35.44,-0.016078679380216697
35.46,-0.015295884497786974
35.48,-0.014477283793013915
35.5,-0.013554611120023938
35.52,-0.012688451725072004
35.54,-0.011739127954746074
35.56,-0.010846751114311
35.58,-0.01001960235520617
35.6,-0.009355755535361453
35.62,-0.00879633380783539
35.64,-0.00837000902292273
35.66,-0.007985270397483058
35.68,-0.007656975735741318
35.7,-0.007354872193868402
35.72,-0.007094933650866667
35.74,-0.006826011263036549
35.76,-0.006546719212502817
35.78,-0.006236426800585203
35.8,-0.005922661202116361
35.82,-0.0055233327150507475
35.84,-0.00513226586671588
35.86,-0.004707685691737912
35.88,-0.004325065694240587
35.9,-0.003936841016464017
35.92,-0.00361203683436923
35.94,-0.00330145157763061
35.96,-0.0030590555559874334
35.98,-0.0028380116782702027
36.0,-0.0026660350007065782
36.02,-0.0024957999990386144
36.04,-0.0023180232553766393
36.06,-0.0020179415814677187
36.08,-0.001730897575526978
36.1,-0.0014248904002315326
36.12,-0.0011553121955464704
36.14,-8.878033041489647E-4
36.16,-5.06564616049706E-4
36.18,-1.5152627799600967E-5
36.2,5.233533263160431E-4
36.22,0.00103714007475886
36.24,0.0015326746092115691
36.26,0.002069924771316562
36.28,0.0027006464281499284
36.3,0.0033877806178020313
36.32,0.004016210546664828
36.34,0.00449636169702284
36.36,0.004796550954161311
36.38,0.005035474844668342
36.4,0.005283269458786115
36.42,0.005636981148581901
36.44,0.005961530647318852
36.46,0.006196646285332971
36.48,0.006216730968901964
36.5,0.006152463328461381
36.52,0.0060655878795163685
36.54,0.0061422212216174716
36.56,0.0063395050716935995
36.58,0.006614662900751579
36.6,0.0067714659235320425
36.62,0.006832249976133019
36.64,0.006827976617725454
36.66,0.006961347158034977
36.68,0.007236095916286351
36.7,0.0076087615639654676
36.72,0.007893534950302549
36.74,0.008063678062084752
36.76,0.008126364455165708
36.78,0.008241512023130325
36.8,0.008421398549717173
36.82,0.008684106706426924
36.84,0.008901443390327009
36.86,0.009049008206999427
36.88,0.00909608498207603
36.9,0.009137921769601137
36.92,0.009200948149949364
36.94,0.009338795561436873
36.96,0.00948497030177918
36.98,0.009574740401305045
37.0,0.009589193545808556
37.02,0.009540739279877369
37.04,0.009697915993604908
37.06,0.010037736931076914
37.08,0.010409372970444631
37.1,0.010750023291001429
37.12,0.011050092819551079
37.14,0.011270389689477077
37.16,0.011365224553870396
37.18,0.011388766843375793
37.2,0.011426348676228184
37.22,0.011580724749230303
37.24,0.011810340093454403
37.26,0.011995598066337407
37.28,0.011987766918942011
37.3,0.011800177704721306
37.32,0.011557370455854431
37.34,0.011465235646692499
37.36,0.011568736015744244
37.38,0.011788253328614303
37.4,0.01186463650254328
37.42,0.011711192090987128
37.44,0.011348806036473707
37.46,0.011048197427788875
37.48,0.01095476550387604
37.5,0.01114652031921016
37.52,0.011373645147347728
37.54,0.01143303264226622
37.56,0.011178516301673536
37.58,0.010806360129791593
37.6,0.010551107584012568
37.62,0.010624558363234836
37.64,0.010884008313356553
37.66,0.011105461834310132
37.68,0.011019624059076296
37.7,0.010702625781382294
37.72,0.010369460179026688
37.74,0.01026206906197613
37.76,0.010365170762864797
37.78,0.010556977615879357
37.8,0.010591742933288375
37.82,0.010417447347782787
37.84,0.010138002658157943
37.86,0.009928689141597122
37.88,0.009865302155193488
37.9,0.009926969449110376
37.92,0.009955047636843172
37.94,0.009866200594699826
37.96,0.009645280692915063
37.98,0.009430994323785219
38.0,0.009316406604056091
38.02,0.009301745902565398
38.04,0.009207049390251762
38.06,0.009025230992886936
38.08,0.008804494118935233
38.1,0.00854604629872033
38.12,0.008277604763336457
38.14,0.007937119546047689
38.16,0.00772562648475727
38.18,0.007727954150169526
38.2,0.007852842676844995
38.22,0.007874250581146387
38.24,0.007621744119290053
38.26,0.0071384544574677345
38.28,0.006682125752927264
38.3,0.006483993273921059
38.32,0.00660661159812033
38.34,0.006817357085244996
38.36,0.0068444561540909
38.38,0.006523857506068664
38.4,0.005982080561548725
38.42,0.005497274539397976
38.44,0.0053451212584585605
38.46,0.005546943935186889
38.48,0.005861038405506021
38.5,0.005942637964236723
38.52,0.0056313798886582144
38.54,0.0050569101638846215
38.56,0.004545337081681264
38.58,0.0043764410617474735
38.6,0.00458081130845939
38.62,0.004890248743529659
38.64,0.0049783923249709875
38.66,0.004680248411144294
38.68,0.004127158910458285
38.7,0.003626023871424568
38.72,0.003461593052733249
38.74,0.0036735321636401264
38.76,0.004017957631049602
38.78,0.004150891815777757
38.8,0.003891419157954842
38.82,0.003367917618379611
38.84,0.0028757022959371155
38.86,0.002701242873352688
38.88,0.00289139740629952
38.9,0.003238519513737924
38.92,0.0033933146780983775
38.94,0.003190128182398418
38.96,0.002708312985374151
38.98,0.00226426818147243
39.0,0.00208511965691382
39.02,0.0022502117275927653
39.04,0.0024273387773124126
39.06,0.0024922975051381367
39.08,0.0023657748152948405
39.1,0.0020468536695381753
39.12,0.001442954157780872
39.14,8.345632936755738E-4
39.16,5.44281071059003E-4
39.18,7.121226311177439E-4
39.2,0.0011641830886837071
39.22,0.0015064782174009038
39.24,0.0014206826563500714
39.26,9.246179945984039E-4
39.28,3.181664395011582E-4
39.3,-2.3163888593354065E-5
39.32,6.387608509888284E-5
39.34,4.755642277027787E-4
39.36,8.615597798007602E-4
39.38,9.072313163631942E-4
39.4,5.266526931706236E-4
39.42,-4.63373387287444E-5
39.44,-5.132708931443644E-4
39.46,-6.016317498673679E-4
39.48,-3.5706558168899076E-4
39.5,5.191296494179864E-5
39.52,2.4452449234546033E-4
39.54,1.01251229129341E-4
39.56,-3.3716914290922933E-4
39.58,-7.388870088368981E-4
39.6,-9.23782112037095E-4
39.62,-7.596425575077633E-4
39.64,-4.4414359844096424E-4
39.66,-1.7600267208194904E-4
39.68,-2.2484505273534503E-4
39.7,-5.04883142311578E-4
39.72,-8.753840738160187E-4
39.74,-0.001065957035723304
39.76,-0.0010201120818029946
39.78,-7.460932492937073E-4
39.8,-5.056369999855156E-4
39.82,-4.4208001507641263E-4
39.84,-6.203794157949583E-4
39.86,-8.7910866714302E-4
39.88,-0.0010984620167988287
39.9,-0.0011090308304281754
39.92,-9.533528592226768E-4
39.94,-7.066221510931427E-4
39.96,-5.874457028403233E-4
39.98,-6.569354582496861E-4
40.0,-8.832392931881592E-4
40.02,-0.0010827005756327713
40.04,-0.0011835025393495855
40.06,-0.0011823318643265888
40.08,-0.0010891492040563974
40.1,-8.70231399147324E-4
40.12,-5.831122256225541E-4
40.14,-4.070471118759456E-4
40.16,-4.6828474661350693E-4
40.18,-7.151108329482048E-4
40.2,-9.328153502235075E-4
40.22,-9.029967244749938E-4
40.24,-6.005333599775465E-4
40.26,-1.910460221641275E-4
40.28,2.4738129752037307E-5
40.3,-9.506914775993522E-5
40.32,-5.123431270310447E-4
40.34,-9.466537612501142E-4
40.36,-0.0011967426418620477
40.38,-0.0011077309044864472
40.4,-8.150142349882139E-4
40.42,-5.128963223216474E-4
40.44,-4.972932859270596E-4
40.46,-7.728238437133543E-4
40.48,-0.0012238978673693981
40.5,-0.0015782462234319628
40.52,-0.001698129294214599
40.54,-0.0015166978232156601
40.56,-0.0012355095290967084
40.58,-0.0010187626927876511
40.6,-0.0010825367818733706
40.62,-0.0013388516439028406
40.64,-0.0016990022544556926
40.66,-0.001895090834292315
40.68,-0.0018863174486340776
40.7,-0.0016789281279911662
40.72,-0.0014515041866675093
40.74,-0.0013413911452939316
40.76,-0.001455817987270783
40.78,-0.0016948878394884433
40.8,-0.001935966412461823
40.82,-0.002044097890111879
40.84,-0.001991341123151054
40.86,-0.0018033221806442073
40.88,-0.001622044147536055
40.9,-0.0015497948815659094
40.92,-0.0016465565590607818
40.94,-0.0018273516138306268
40.96,-0.002013651883861664
40.98,-0.002053110061683062
41.0,-0.0019593136670839843
41.02,-0.0017389847253521584
41.04,-0.0015482821335275297
41.06,-0.0014091145137553262
41.08,-0.0014303346899305408
41.1,-0.001566587114551336
41.12,-0.0018233695923580587
41.14,-0.0020445195457086418
41.16,-0.002065523494268317
41.18,-0.0018148582401429387
41.2,-0.001352244381273522
41.22,-8.825149214265336E-4
41.24,-6.73219781687141E-4
41.26,-8.276356677577728E-4
41.28,-0.0012488683932042593
41.3,-0.0016473014545816636
41.32,-0.0018252641526634908
41.34,-0.001630760242819388
41.36,-0.0012099659044387022
41.38,-7.301035771401679E-4
41.4,-4.834026344063489E-4
41.42,-5.147230449180202E-4
41.44,-8.144943634413951E-4
41.46,-0.001140517187204303
41.48,-0.0013447125246765067
41.5,-0.0012687490344068305
41.52,-0.0010128475987759712
41.54,-6.671512424748655E-4
41.56,-4.7775709635891617E-4
41.58,-4.7299915074506003E-4
41.6,-6.795294754776069E-4
41.62,-9.039446197990942E-4
41.64,-0.0010330678803681685
41.66,-9.484486204537451E-4
41.68,-7.047198939429619E-4
41.7,-4.1666066639060775E-4
41.72,-2.6583502458078393E-4
41.74,-2.8454628472437125E-4
41.76,-4.3998762496944845E-4
41.78,-6.263629031478901E-4
41.8,-7.387535731214418E-4
41.82,-6.82583784806035E-4
41.84,-4.943861173504901E-4
41.86,-2.5233107084847943E-4
41.88,-1.1230240931015095E-4
41.9,-1.1142323017818458E-4
41.92,-2.7697632501500407E-4
41.94,-4.5625707538111244E-4
41.96,-5.837339358030087E-4
41.98,-5.280389479286352E-4
42.0,-3.705736565485499E-4
42.02,-1.222114106373937E-4
42.04,6.491103100246404E-5
42.06,1.8939547331681705E-4
42.08,9.247193975586106E-5
42.1,-3.925175292820436E-5
42.12,-2.3896280995435332E-4
42.14,-3.465331101811269E-4
42.16,-2.5935757112361795E-4
42.18,7.307372870205814E-6
42.2,3.6645842679375274E-4
42.22,6.735344818371962E-4
42.24,7.614209371709137E-4
42.26,6.175135538960709E-4
42.28,3.116958215561101E-4
42.3,4.56330459352321E-5
42.32,-6.452395130083202E-5
42.34,8.496849566108389E-5
42.36,3.8494151327481363E-4
42.38,7.39575274734904E-4
42.4,9.239882465732557E-4
42.42,9.155163717510402E-4
42.44,6.744090503633206E-4
42.46,3.883779552384439E-4
42.48,1.6538697649402313E-4
42.5,1.701984928223915E-4
42.52,3.457154830062203E-4
42.54,6.541373437145302E-4
42.56,8.798955963524006E-4
42.58,9.597739685877088E-4
42.6,8.010692949274266E-4
42.62,5.61933707035056E-4
42.64,3.600183337134117E-4
42.66,3.470353887273129E-4
42.68,5.041543520793273E-4
42.7,7.865370482354662E-4
42.72,0.0010431506452602403
42.74,0.0011772608715543873
42.76,0.0011046129493981194
42.78,9.25840729904774E-4
42.8,7.197956217418625E-4
42.82,6.702629730943358E-4
42.84,7.699583829604156E-4
42.86,0.0010436957566776475
42.88,0.0012963447240559314
42.9,0.0014750937497308016
42.92,0.001433317686102345
42.94,0.0012708901333723895
42.96,0.0010550061365406538
42.98,9.769089332156537E-4
43.0,0.001043692760236115
43.02,0.0012937894453902647
43.04,0.0015589434336572225
43.06,0.0018360763458828762
43.08,0.0019765629526313075
43.1,0.002045849254966157
43.12,0.0019800290412716275
43.14,0.00185282854142136
43.16,0.001753869246931109
43.18,0.0017837118370901594
43.2,0.0019898746505278633
43.22,0.002336731819392641
43.24,0.0026740444062191998
43.26,0.002899526789432194
43.28,0.0028926261672889606
43.3,0.0027371555158212336
43.32,0.002504253024599402
43.34,0.0024037714877514086
43.36,0.002449355426391503
43.38,0.002714118061180061
43.4,0.0030310032873279522
43.42,0.003339109028805231
43.44,0.0034436295881999967
43.46,0.003378725215189527
43.48,0.0031527224078334746
43.5,0.002957862226314464
43.52,0.0028470900112581923
43.54,0.002947389130978037
43.56,0.003189277873933823
43.58,0.0034654001390644344
43.6,0.0036254832690329982
43.62,0.0036384039385054475
43.64,0.0034893529676914012
43.66,0.0032886595126738914
43.68,0.0031299815061374236
43.7,0.0031269368373023562
43.72,0.003251976550796597
43.74,0.0034828530271293367
43.76,0.0036505638447727473
43.78,0.0037185206285127873
43.8,0.0036071162365142197
43.82,0.0034560811777310622
43.84,0.003297708203866523
43.86,0.003273857639149977
43.88,0.0033292448945347122
43.9,0.003497532935640056
43.92,0.003620523397774934
43.94,0.0036742583801089015
43.96,0.003576824201171839
43.98,0.0034688950381455315
44.0,0.0033728746747256496
44.02,0.0033834557730335084
44.04,0.0034371213100675693
44.06,0.003549636663738462
44.08,0.003664992341594725
44.1,0.003830729278006107
44.12,0.003951546304809138
44.14,0.0039856778818307724
44.16,0.004012843844232053
44.18,0.004125868045338873
44.2,0.004365787053222525
44.22,0.004706038879735698
44.24,0.005010743967564169
44.26,0.005165232296725658
44.28,0.005028880401445853
44.3,0.004698207163000034
44.32,0.004305978515557087
44.34,0.0041618706701730245
44.36,0.0042988922946480615
44.38,0.004767024870218478
44.4,0.005273761788882212
44.42,0.0056780553122261455
44.44,0.00567312746701117
44.46,0.005299396462027134
44.48,0.00467250109002702
44.5,0.004199087652870916
44.52,0.004074219312981358
44.54,0.004391729506147978
44.56,0.004956906960106346
44.58,0.005462448989543582
44.6,0.005620651235181038
44.62,0.005403393024290027
44.64,0.004877891940610711
44.66,0.004316253200262761
44.68,0.003983002124411376
44.7,0.00403750140997821
44.72,0.0044311305591153895
44.74,0.004968896354736501
44.76,0.0053345867199656475
44.78,0.005372981506675431
44.8,0.005032202839452555
44.82,0.004534900129755874
44.84,0.004083713569838088
44.86,0.003929112034162448
44.88,0.004076772937338673
44.9,0.004502922275154622
44.92,0.00491781997305302
44.94,0.005152083904878797
44.96,0.005005953862158468
44.98,0.004613799252912665
45.0,0.004111076320670118
45.02,0.0038164202166382512
45.04,0.003685500103389147
45.06,0.0038696531177092514
45.08,0.004238608129161681
45.1,0.004816351845335592
45.12,0.005449710020169925
45.14,0.00578577790690934
45.16,0.005659272923643454
45.18,0.005113914912562729
45.2,0.0044569557175280095
45.22,0.004071973701633732
45.24,0.004187898742795307
45.26,0.004778330807541985
45.28,0.0055441302906218655
45.3,0.006130352397953398
45.32,0.006214431313921397
45.34,0.00574826513584463
45.36,0.004921015493238901
45.38,0.00411786105550697
45.4,0.003682405365447234
45.42,0.003781602582981127
45.44,0.004276093095438211
45.46,0.0049389404380991795
45.48,0.00542259743878269
45.5,0.0055035156394770135
45.52,0.005137988358890058
45.54,0.004504845692924544
45.56,0.0038301702171449617
45.58,0.00341934816775099
45.6,0.0033852489761655607
45.62,0.0037241844407983906
45.64,0.00424759873615112
45.66,0.004719401406962266
45.68,0.004894663500495154
45.7,0.004693325123362459
45.72,0.004166178485395602
45.74,0.003551715992211126
45.76,0.003069977557814928
45.78,0.0029461555131568957
45.8,0.0031575432033169805
45.82,0.0036627917031227235
45.84,0.004179960808133592
45.86,0.00452892105075933
45.88,0.004489985926585124
45.9,0.004122286041811221
45.92,0.0035627226374457415
45.94,0.0031030234985751927
45.96,0.0028721011303417363
45.98,0.003015870709022276
46.0,0.0034002925575916973
46.02,0.0038847185797898564
46.04,0.004284854824301609
46.06,0.004551954251253531
46.08,0.004510713757079451
46.1,0.004253393063974728
46.12,0.0036606852780950807
46.14,0.002976585243670521
46.16,0.0024424566285192106
46.18,0.002242124946738938
46.2,0.00243938665254612
46.22,0.002918907396775869
46.24,0.0034308173705000517
46.26,0.003747945076201092
46.28,0.003720156697850407
46.3,0.0033801236724045574
46.32,0.002837921798000352
46.34,0.002250112644882341
46.36,0.0016596596336411543
46.38,0.0011886015806214408
46.4,9.49366675503221E-4
46.42,0.0010261742700575411
46.44,0.0013163039855126628
46.46,0.0016970833403222186
46.48,0.0019711814881611957
46.5,0.0019829036773962765
46.52,0.001709257622974761
46.54,0.0011921086343431788
46.56,5.748003890905189E-4
46.58,1.7830441780373264E-4
46.6,9.458804010799755E-5
46.62,3.597308881946864E-4
46.64,8.577578723060911E-4
46.66,0.0013858202795585966
46.68,0.0017049790772640815
46.7,0.0017029487513369845
46.72,0.0013748508651930432
46.74,8.831607462132186E-4
46.76,4.1409553699999814E-4
46.78,1.9961248856815582E-4
46.8,3.078990783433885E-4
46.82,7.073499869538391E-4
46.84,0.0012101559767255486
46.86,0.0015606322078079845
46.88,0.0016175427345755937
46.9,0.0013806794440893483
46.92,9.791077470507152E-4
46.94,6.258827380359245E-4
46.96,4.601682800424179E-4
46.98,5.516925860323642E-4
47.0,8.687373804555702E-4
47.02,0.0012624805565833693
47.04,0.0015617498376049835
47.06,0.0016014073809122312
47.08,0.001402413975859904
47.1,0.0010724594653681431
47.12,4.758375023295844E-4
47.14,-1.885708278076443E-4
47.16,-7.074980116204978E-4
47.18,-9.528573308379475E-4
47.2,-9.575355407225958E-4
47.22,-8.945494619839357E-4
47.24,-9.34179312584086E-4
47.26,-0.0011922041916541913
47.28,-0.0016721531333366002
47.3,-0.0022986327047797915
47.32,-0.002910997986308239
47.34,-0.0033711151858450365
47.36,-0.003548105274330737
47.38,-0.0034700034354972404
47.4,-0.003253954593151156
47.42,-0.003090080232015958
47.44,-0.003072961256471729
47.46,-0.0032423064208353335
47.48,-0.0035778018816284628
47.5,-0.004002514523215096
47.52,-0.004391088903095421
47.54,-0.004584515158782618
47.56,-0.004477002379471821
47.58,-0.004108951322968767
47.6,-0.0037034816019159353
47.62,-0.003475598278467694
47.64,-0.0034829999714686643
47.66,-0.0036986566296460877
47.68,-0.004079312144314618
47.7,-0.00445634083078294
47.72,-0.004615000944609951
47.74,-0.004442541330417948
47.76,-0.0039798694441224
47.78,-0.0034469466979569607
47.8,-0.0030894013850594772
47.82,-0.0030608272190360323
47.84,-0.0033542897203441275
47.86,-0.003912685538716227
47.88,-0.004523453178858011
47.9,-0.004974480928757178
47.92,-0.00505183940550992
47.94,-0.004764324301656262
47.96,-0.004206321519184999
47.98,-0.0037333160950335713
48.0,-0.003480531808633014
48.02,-0.003505448482002486
48.04,-0.003848356883593191
48.06,-0.004618536893356154
48.08,-0.005528915687311535
48.1,-0.00652277217952865
48.12,-0.007548878672699134
48.14,-0.00810942457379304
48.16,-0.008172781692452825
48.18,-0.00796392995881524
48.2,-0.007675570211315964
48.22,-0.007437382979263532
48.24,-0.007340826093890113
48.26,-0.007481421916636746
48.28,-0.007828223626115686
48.3,-0.008255334112290102
48.32,-0.008584814681386266
48.34,-0.00876666402913295
48.36,-0.008795783519719862
48.38,-0.008796151089815596
48.4,-0.00880862798549098
48.42,-0.008848319064466901
48.44,-0.008863551192224699
48.46,-0.008879699110229651
48.48,-0.00889352512200134
48.5,-0.008809899592076141
48.52,-0.0085649254176169
48.54,-0.008147125037383718
48.56,-0.007641569695808524
48.58,-0.007187858421034156
48.6,-0.006937452203046254
48.62,-0.006977532055092063
48.64,-0.007316330069809206
48.66,-0.007734721796378718
48.68,-0.007988362638712864
48.7,-0.00793404857874215
48.72,-0.007601059604978414
48.74,-0.0071363139386433384
48.76,-0.006720051105296472
48.78,-0.006566529986245607
48.8,-0.006751298994794497
48.82,-0.007291494958190878
48.84,-0.007978820064193821
48.86,-0.008521054344254894
48.88,-0.008660306883233196
48.9,-0.00840494473837834
48.92,-0.007875906659402729
48.94,-0.007278718797622961
48.96,-0.006776038166533337
48.98,-0.006554458291337808
49.0,-0.006668718262407694
49.02,-0.0070533878669639455
49.04,-0.007580836310203678
49.06,-0.007938668868699802
49.08,-0.007944147839412085
49.1,-0.007773179965255624
49.12,-0.007310710796813142
49.14,-0.006898676503146694
49.16,-0.006668201562449478
49.18,-0.006628812735432978
49.2,-0.006744861219856916
49.22,-0.0069702137960534465
49.24,-0.0071720800083541515
49.26,-0.00721123131003073
49.28,-0.00702258637546235
49.3,-0.006685078410546618
49.32,-0.006425681052225796
49.34,-0.00635020762695427
49.36,-0.00647771345080115
49.38,-0.006772076954846487
49.4,-0.007197349406908416
49.42,-0.007585294362475107
49.44,-0.007773074463612576
49.46,-0.007619282414485398
49.48,-0.007185205545941012
49.5,-0.006543150852540531
49.52,-0.005940579182691098
49.54,-0.005575160105801936
49.56,-0.005657246263512636
49.58,-0.006070348172045785
49.6,-0.006704918595310026
49.62,-0.007349500202506883
49.64,-0.007776568591164357
49.66,-0.007847971028063599
49.68,-0.007498437184464003
49.7,-0.006835491225527107
49.72,-0.006098780489610851
49.74,-0.005606099525884891
49.76,-0.005502426451154733
49.78,-0.005766706798802266
49.8,-0.006190382331848668
49.82,-0.006529796617371586
49.84,-0.006598543933568518
49.86,-0.006374827843479876
49.88,-0.0059111027464511575
49.9,-0.005410996252750497
49.92,-0.0050632345375669656
49.94,-0.0050189676481871585
49.96,-0.005224729463215829
49.98,-0.005525433482036877
50.0,-0.005663621468039529
