"Time","Lift Coefficient Monitor: Lift Coefficient Monitor"
1.0,-0.018560870823702134
1.0,-0.025937620222946618
1.0,-0.02402022225692922
1.0,-0.018089586150840314
1.0,-0.010658745957710597
1.0,-0.00252540803762915
1.0,0.0038620274393307763
1.0,0.007157235929932598
1.0,0.008027258047786643
1.0,0.007629878877262508
1.0,0.006945218296775634
1.0,0.006566656262014522
1.0,0.006687166166763584
1.0,0.007223950160556811
1.0,0.007975521265574327
1.0,0.00874813467297798
1.0,0.00941630560211167
1.0,0.009915353324393092
1.0,0.0102315334857822
1.0,0.010381984440731604
1.0,0.010397689549517874
1.0,0.010322238376876089
1.0,0.01020102882119013
1.0,0.010076894342020548
1.0,0.009978753644029947
1.0,0.009924242119076917
1.0,0.009916026445381436
1.0,0.009948569792450467
1.0,0.010007668600602492
1.0,0.010080154642502647
1.0,0.010151990597305795
1.0,0.010215428112142846
1.0,0.010264845202828788
1.0,0.010301526388788326
1.0,0.0103269391506162
1.0,0.010346241936778518
1.0,0.010362166070133743
1.0,0.01037837435613183
1.0,0.010395165066949206
1.0,0.010414420877834646
1.0,0.010434929447425698
1.0,0.010457787913057374
1.0,0.010481412361403632
1.0,0.010506290431035273
1.0,0.010530288529927961
1.0,0.01055393815180077
1.0,0.01057563785975017
1.0,0.010596385443300589
1.0,0.010615058140640652
1.0,0.010633316426014663
1.02,0.010650408207558795
1.04,0.012251987541165958
1.06,0.014841852793310545
1.08,0.018620463060450225
1.1,0.023272241101635654
1.12,0.027978552798478183
1.1400000000000001,0.03148823764251197
1.16,0.03299212306748204
1.18,0.03265967662179915
1.2,0.031155976149506874
1.22,0.030025598454734258
1.24,0.02987339941393942
1.26,0.030642960335398046
1.28,0.03191851034429512
1.3,0.033248375708810174
1.32,0.034330794231398815
1.34,0.03504262404097232
1.3599999999999999,0.03539828361820291
1.38,0.03548248005695131
1.4,0.035402354624565556
1.42,0.03525215844041715
1.44,0.03510318112979708
1.46,0.034995790278721704
1.48,0.03494791780241799
1.5,0.03495598116170907
1.52,0.03500692345324085
1.54,0.03508104038769623
1.56,0.03516184145380311
1.58,0.0352353985941149
1.6,0.03529611183954243
1.62,0.035341318794824335
1.6400000000000001,0.03537427262208572
1.6600000000000001,0.03539766558151757
1.6800000000000002,0.03541656722245948
1.7,0.035433179556416984
1.72,0.03545066135403338
1.74,0.035469191663314706
1.76,0.03549013344094354
1.78,0.03551218786659122
1.8,0.03553556495119889
1.8199999999999998,0.03555839208130989
1.8399999999999999,0.03558067462321097
1.8599999999999999,0.03560067455315299
1.88,0.03561875555072994
1.9,0.03563391549882092
1.92,0.035647169304338935
1.94,0.035658043213809415
1.96,0.035667829864222705
1.98,0.035676171394650416
2.0,0.03568418065245214
2.02,0.03569129515540501
2.04,0.03752428632953249
2.06,0.04040935476819148
2.08,0.044594286228858464
2.1,0.04968809030668334
2.12,0.054570586179525746
2.14,0.05791438907495639
2.16,0.059038463683877176
2.18,0.058337388809478044
2.2,0.05675027612728467
2.22,0.05592390667057849
2.24,0.05631030604010384
2.26,0.05764957878319743
2.2800000000000002,0.05937990184040638
2.3,0.060997268901396694
2.32,0.06221625112645066
2.34,0.06296373101516226
2.36,0.0633052824174015
2.38,0.06336369554141459
2.4,0.0632656520166472
2.42,0.06311139558484045
2.44,0.0629682882855586
2.46,0.06287191479997759
2.48,0.06283491411340943
2.5,0.06285262263463867
2.52,0.06291185976015934
2.54,0.06299477960886736
2.56,0.06308500222794206
2.58,0.06316869334009607
2.6,0.06323792146744775
2.62,0.06328929073356666
2.64,0.06332444719026704
2.66,0.0633471466718586
2.68,0.06336295673258951
2.7,0.06337639310148845
2.7199999999999998,0.06339126123363004
2.74,0.0634089196176484
2.76,0.06342969494663614
2.7800000000000002,0.06345227963213401
2.8,0.06347523971070347
2.82,0.06349672117587399
2.84,0.06351568124819044
2.86,0.06353134153449616
2.88,0.06354385325182259
2.9,0.06355351380469244
2.92,0.063561190878323
2.94,0.06356749180202008
2.96,0.06357310610601644
2.98,0.06357839418015421
3.0,0.06358358183453566
3.02,0.06358863740995659
3.04,0.06576120057883664
3.06,0.06919153127932223
3.08,0.074063998307487
3.1,0.07983279570159846
3.12,0.0851911804558075
3.14,0.08874065478514577
3.16,0.08983045053853224
3.18,0.08866181022345787
3.2,0.08732515831554605
3.22,0.08696747874112593
3.24,0.08784974137580387
3.26,0.08958484449884421
3.2800000000000002,0.09157880834543188
3.3,0.09335056517822284
3.32,0.09465224923393599
3.34,0.09544274925015331
3.36,0.09580917023593877
3.38,0.0958878036801382
3.4,0.09581050727815851
3.42,0.09568038757232863
3.44,0.09556497844991987
3.46,0.09549984135705779
3.48,0.09549598917041063
3.5,0.09554741471710633
3.52,0.09563876525225304
3.54,0.09575099161563082
3.56,0.09586648674420527
3.58,0.09597161399631272
3.6,0.09605855937044497
3.62,0.09612521341605908
3.64,0.09617378748714621
3.66,0.09620912961816126
3.68,0.09623712600996313
3.7,0.09626277494644536
3.7199999999999998,0.096289636674675
3.74,0.09631920013178484
3.76,0.09635130270721531
3.7800000000000002,0.09638456714831746
3.8,0.09641715763491192
3.82,0.09644736247589311
3.84,0.09647398612868138
3.86,0.09649647958829562
3.88,0.09651496744419734
3.9,0.09653002441851331
3.92,0.09654246239289704
3.94,0.096553070284305
3.96,0.09656248447631462
3.98,0.09657118954867284
4.0,0.09657941839717936
4.02,0.09658720677892257
4.04,0.0989628229405003
4.06,0.10273231236245457
4.08,0.10810462796283898
4.1,0.11448489655702608
4.12,0.12043307318917681
4.14,0.12443408302863246
4.16,0.12577185754293238
4.18,0.124654711159701
4.2,0.12332795456171787
4.22,0.12304369732577453
4.24,0.12408959094051207
4.26,0.1260498164155274
4.28,0.12828317743158596
4.3,0.13026962611156664
4.32,0.13174092083766242
4.34,0.132653921400757
4.36,0.13310353990256457
4.38,0.1332374870717648
4.4,0.13319940602740232
4.42,0.1331012766195546
4.44,0.13301669040252356
4.46,0.13298455649583188
4.48,0.1330170309100623
4.5,0.13310782561266749
4.52,0.13324045980023208
4.54,0.13339442741880714
4.5600000000000005,0.13355047308328383
4.58,0.1336938810361675
4.6,0.13381600691175993
4.62,0.13391426469501413
4.64,0.13399103154551834
4.66,0.13405148670791547
4.68,0.13410179079724702
4.7,0.13414738435583293
4.72,0.13419207285997115
4.74,0.13423762550146479
4.76,0.13428403486600546
4.78,0.13433008558806597
4.8,0.1343740649886853
4.82,0.13441438890501883
4.84,0.13444999966111876
4.86,0.13448056782025902
4.88,0.1345063821211933
4.9,0.13452818635816352
4.92,0.13454697094377252
4.9399999999999995,0.13456365633323905
4.96,0.13457895259602162
4.98,0.13459343169364754
5.0,0.13460735820326983
5.02,0.13462075143960187
5.04,0.13707319787081162
5.06,0.141058403803588
5.08,0.14676351142156122
5.1,0.15358074072088937
5.12,0.15999507781588654
5.14,0.16438469875092115
5.16,0.16598217598851184
5.18,0.1650057175852135
5.2,0.16373150079767035
5.22,0.1634864266755961
5.24,0.16460965356643242
5.26,0.1666970681187861
5.28,0.16908951109490974
5.3,0.171239718912233
5.32,0.17285784953282776
5.34,0.1738906473538231
5.36,0.17443331206866863
5.38,0.17463884474135652
5.4,0.1746575174270473
5.42,0.17460731564219403
5.44,0.1745657827042631
5.46,0.1745747514800619
5.48,0.1746472792815138
5.5,0.1747775182008541
5.52,0.17494844979461086
5.54,0.17513864718017105
5.5600000000000005,0.17532804884086173
5.58,0.175500988817432
5.6,0.17564793448613042
5.62,0.17576589800493123
5.64,0.1758571115259289
5.66,0.17592730957592512
5.68,0.17598333915700456
5.7,0.17603144952665423
5.72,0.17607636783844002
5.74,0.17612059986066808
5.76,0.17616456928024155
5.78,0.17620721485764562
5.8,0.17624686449581992
5.82,0.17628186408750066
5.84,0.1763110985547752
5.86,0.17633410483234094
5.88,0.1763512456871081
5.9,0.17636339689915376
5.92,0.176371652657179
5.9399999999999995,0.1763771170863871
5.96,0.17638071779985387
5.98,0.17638315565935384
6.0,0.17638477736347005
6.02,0.17638577023380417
6.04,0.17884864779737916
6.06,0.1828635507798492
6.08,0.18861447803412523
6.1,0.19547322731826386
6.12,0.2019089971468716
6.14,0.2063424401305086
6.16,0.2080073193972784
6.18,0.20716582308747303
6.2,0.20605362718864717
6.22,0.20596266754626844
6.24,0.20720069792961954
6.26,0.2093493594165139
6.28,0.21175561604038254
6.3,0.2138912571571495
6.32,0.2154861718141127
6.34,0.21650038632729082
6.36,0.21703418340215036
6.38,0.21723975099659656
6.4,0.2172646495601381
6.42,0.2172221174771376
6.44,0.21718589220009377
6.46,0.2171947373131157
6.48,0.21726014772146393
6.5,0.21737553185801883
6.52,0.21752444747298977
6.54,0.2176869133163499
6.5600000000000005,0.21784469309046628
6.58,0.21798401034716433
6.6,0.21809757368508334
6.62,0.21818388417839069
6.64,0.21824627173707614
6.66,0.21829083410968234
6.68,0.21832420533854408
6.7,0.2183523530369542
6.72,0.2183793115293708
6.74,0.21840702814827306
6.76,0.218435693603078
6.78,0.21846427166866222
6.8,0.2184912516381715
6.82,0.21851515481795183
6.84,0.21853506804354939
6.86,0.21855067448118337
6.88,0.21856236526911532
6.9,0.2185709236880202
6.92,0.21857729243484378
6.9399999999999995,0.2185823613945766
6.96,0.21858683953723934
6.98,0.21859116313592838
7.0,0.21859551159248003
7.02,0.2185999682900088
7.04,0.22098500759716277
7.06,0.22487321416889497
7.08,0.23044967680176315
7.1,0.23712071853914982
7.12,0.24340403009329642
7.14,0.2477617841823159
7.16,0.24947840224810466
7.18,0.24882759436454485
7.2,0.24792570637501016
7.22,0.24799643377275685
7.24,0.24931957047569156
7.26,0.2514849191708674
7.28,0.25386697000961883
7.3,0.25596807639933383
7.32,0.2575391199356914
7.34,0.2585512178288643
7.36,0.2591051113509095
7.38,0.2593486645724729
7.4,0.2594215323313127
7.42,0.25943069357230064
7.44,0.2594449228313406
7.46,0.2594991059053564
7.48,0.25960251766422265
7.5,0.2597482303708262
7.52,0.2599201556314173
7.54,0.2600994045788178
7.5600000000000005,0.2602690864885718
7.58,0.2604168050555617
7.6,0.26053626504880334
7.62,0.26062689007515294
7.64,0.2606924523271985
7.66,0.26073921424985347
7.68,0.2607738928623886
7.7,0.26080241191996756
7.72,0.26082886987463005
7.74,0.26085534731220505
7.76,0.26088221546281426
7.78,0.2609086015628879
7.8,0.2609332047522153
7.82,0.2609548456329225
7.84,0.2609727636621833
7.86,0.2609867816173401
7.88,0.2609972149169382
7.9,0.26100476970234887
7.92,0.26101024709214377
7.9399999999999995,0.2610143704398106
7.96,0.261017731806144
7.98,0.26102069186317267
8.0,0.26102337856326846
8.02,0.2610258168071416
8.04,0.2633421661516008
8.06,0.26708953534301044
8.08,0.2725001431227625
8.1,0.27899902873676874
8.12,0.28516387046463615
8.14,0.28950103734155336
8.16,0.2913057445776515
8.18,0.29087470024703177
8.2,0.290193628772033
8.22,0.29042544537192455
8.24,0.2918280056849613
8.26,0.29400622476881016
8.28,0.2963657619350633
8.3,0.29843809739469906
8.32,0.2999926484553812
8.34,0.3010076165680419
8.36,0.30158268710244945
8.38,0.3018598949834422
8.4,0.3019724918783194
8.42,0.3020212016137837
8.44,0.30207017877007614
8.46,0.30215151049029226
8.48,0.30227377011480666
8.5,0.3024297335666006
8.52,0.30260416280241426
8.54,0.30277976653299377
8.56,0.3029413092668432
8.58,0.30307841100407595
8.6,0.30318625679057454
8.62,0.3032654067995018
8.64,0.3033203688354441
8.66,0.30335777443472756
8.68,0.3033845400567193
8.7,0.3034064461435909
8.72,0.30342741782813154
8.74,0.3034493786191744
8.76,0.30347261170590517
8.78,0.3034962937769996
8.8,0.303519151264695
8.82,0.30353996597125316
8.84,0.3035579190530423
8.86,0.303572692032814
8.88,0.3035844626218363
8.9,0.30359376061201027
8.92,0.30360124053413345
8.94,0.30360751932350233
8.96,0.30361306925764797
8.98,0.30361814209690935
9.0,0.30362285578298814
9.02,0.30362716346562896
9.04,0.3058458264356249
9.06,0.309519585301901
9.08,0.3149110942530998
9.1,0.3214249550642686
9.12,0.3276606334458517
9.14,0.3321216260648743
9.16,0.3340858350466101
9.18,0.33385294476988936
9.2,0.33334690308818943
9.22,0.33370985240796036
9.24,0.33519930754220906
9.26,0.3374271966678106
9.28,0.3398122439652282
9.3,0.34189736741777665
9.32,0.3434628160185381
9.34,0.34449182595844147
9.36,0.34508600663108324
9.38,0.34538704437674544
9.4,0.3455260442031448
9.42,0.3456011899678703
9.44,0.3456748288814082
9.46,0.3457769112164535
9.48,0.3459151014545489
9.5,0.3460821127012674
9.52,0.34626319949436357
9.54,0.34644203955563585
9.56,0.34660439552854194
9.58,0.34674089931846963
9.6,0.346847790580639
9.62,0.346926348335564
9.64,0.3469815818738581
9.66,0.3470202163924046
9.68,0.34704914751765564
9.7,0.3470741261289601
9.72,0.34709896612053304
9.74,0.34712551882205184
9.76,0.3471538973194666
9.78,0.34718315978632946
9.8,0.3472119846847249
9.82,0.3472391254406125
9.84,0.3472636982804395
9.86,0.34728533871217504
9.88,0.3473041517211272
9.9,0.34732057364520513
9.92,0.3473351979737096
9.94,0.3473485010249784
9.96,0.34736090209184123
9.98,0.34737262503905947
10.0,0.34738372216234353
10.02,0.34739417554592356
10.04,0.3496505760543721
10.06,0.35337635514129545
10.08,0.35884817005442354
10.1,0.3655060072255038
10.12,0.37190914506723644
10.14,0.37652659134466404
10.16,0.3786438445539731
10.18,0.37859553546580843
10.2,0.3782624558934228
10.22,0.37877239155413445
10.24,0.38037508893002514
10.26,0.38268095822363485
10.28,0.38511352081644334
10.3,0.3872261855140718
10.32,0.38880925812089223
10.34,0.38985467857741585
10.36,0.39046866188121904
10.38,0.3907933756224856
10.4,0.3909590155035323
10.42,0.3910615588800887
10.44,0.391161453943648
10.46,0.3912876211907995
10.48,0.39144655763540687
10.5,0.3916304813851362
10.52,0.39182455831878854
10.54,0.392012970463469
10.56,0.39218217966760677
10.58,0.39232377185613987
10.6,0.3924349191313734
10.62,0.39251758397615727
10.64,0.3925773226945368
10.66,0.3926210056271177
10.68,0.3926556081480079
10.7,0.392686777803272
10.72,0.3927181784562429
10.74,0.3927514828140774
10.76,0.39278674496027155
10.78,0.39282303414089276
10.8,0.3928589686934266
10.82,0.3928932748318162
10.84,0.3929250981779572
10.86,0.39295406965733454
10.88,0.39298025506078343
10.9,0.393004024915137
10.92,0.3930258280938475
10.94,0.39304612667631544
10.96,0.39306526813533305
10.98,0.3930834472926049
11.0,0.3931007135698018
11.02,0.39311705882000875
11.04,0.3953812120800557
11.06,0.3991986368010239
11.08,0.40482998039335116
11.1,0.4116801813650315
11.12,0.41829572521921377
11.14,0.4231052921670229
11.16,0.42538800537917976
11.18,0.42549261613544176
11.2,0.42528638430130733
11.22,0.42590356834456766
11.24,0.4275951405948747
11.26,0.4299705410370109
11.28,0.4324496877559437
11.3,0.43458836583321386
11.32,0.4361837062087665
11.34,0.4372345994636017
11.36,0.4378532896296608
11.38,0.43818653327799834
11.4,0.43836614828376674
11.42,0.43848743037666243
11.44,0.4386083628284162
11.46,0.43875614684074565
11.48,0.43893518584794255
11.5,0.4391366462112409
11.52,0.43934521482359057
11.54,0.43954484345004163
11.56,0.43972275799999627
11.58,0.43987137719624547
11.6,0.4399886713038308
11.62,0.4400773466695361
11.64,0.4401431557508733
11.66,0.44019321556109375
11.68,0.44023449403915405
11.7,0.4402725438734897
11.72,0.44031083580943087
11.74,0.440350922815476
11.76,0.4403928292523433
11.78,0.44043551906977413
11.8,0.44047760600758956
11.82,0.44051784848136916
11.84,0.440555510305657
11.86,0.4405901789143248
11.88,0.44062202735976325
11.9,0.4406514047533845
11.92,0.44067869993391723
11.94,0.44070442991547437
11.96,0.44072892069177344
11.98,0.44075228299104585
12.0,0.44077451409622126
12.02,0.4407956010867934
12.04,0.4431055722543112
12.06,0.44695328589575345
12.08,0.45268131846505827
12.1,0.4596773690602127
12.12,0.4664592287697807
12.14,0.471448803343377
12.16,0.4738918400048527
12.18,0.4741459871224401
12.2,0.47406617183145616
12.22,0.47477989576486257
12.24,0.4765342174016681
12.26,0.47893702654272463
12.28,0.4814150565794718
12.3,0.48353441754129933
12.32,0.485103627543364
12.34,0.4861316149563808
12.36,0.4867370137324182
12.38,0.4870674731385999
12.4,0.48725378984884654
12.42,0.4873891931619155
12.44,0.48752844543815377
12.46,0.4876961249979858
12.48,0.4878947861306325
12.5,0.48811439539453283
12.52,0.4883391314248539
12.54,0.48855305646930103
12.56,0.48874397707172945
12.58,0.48890484487512703
12.6,0.48903409569164547
12.62,0.48913458691741774
12.64,0.4892121778002109
12.66,0.48927394948759007
12.68,0.4893264391946918
12.7,0.4893747869174356
12.72,0.489422283452353
12.74,0.4894703236849051
12.76,0.4895189071732706
12.78,0.48956729357602247
12.8,0.4896143705754914
12.82,0.489659187727238
12.84,0.4897011331173154
12.86,0.4897401043868857
12.88,0.4897762877146866
12.9,0.489810159127704
12.92,0.4898421537728372
12.94,0.4898726348427083
12.96,0.48990182084511313
12.98,0.48992977622487444
13.0,0.4899564719865783
13.02,0.4899818317083589
13.04,0.4923263537536331
13.06,0.49622882186059514
13.08,0.5020222177297976
13.1,0.5091048959631721
13.12,0.5159870529619077
13.14,0.5210678167298344
13.16,0.5236032642268053
13.18,0.5239797669796549
13.2,0.5240123241418327
13.22,0.524809896445288
13.24,0.5266103196559165
13.26,0.5290196445596032
13.28,0.531473664772118
13.3,0.5335512788146815
13.32,0.5350758366909624
13.34,0.5360678479065728
13.36,0.5366518558454247
13.38,0.5369764722418263
13.4,0.5371701143631533
13.42,0.537322303767693
13.44,0.537484692045094
13.46,0.537677175410781
13.48,0.5379002191542024
13.5,0.538142220224213
13.52,0.5383872849180288
13.54,0.5386198347700957
13.56,0.5388281187818222
13.58,0.5390053891985597
13.6,0.5391503393989241
13.62,0.5392658980598206
13.64,0.5393577410311475
13.66,0.5394324985378106
13.68,0.5394963278515603
13.7,0.5395542380355454
13.72,0.539609287498313
13.74,0.5396630647712086
13.76,0.5397159163405935
13.78,0.5397675570873733
13.8,0.5398172216798738
13.82,0.5398644501332652
13.84,0.539908885427799
13.86,0.539950660174136
13.88,0.5399900910207539
13.9,0.5400275806112259
13.92,0.5400634950182646
13.94,0.5400980792881166
13.96,0.540131416147964
13.98,0.5401634282798146
14.0,0.5401939936405162
14.02,0.5402229602278863
14.04,0.5425125419145514
14.06,0.546426649030922
14.08,0.5522809515021972
14.1,0.5594698152374443
14.12,0.5664698861047778
14.14,0.5716503158368055
14.16,0.5742747300784482
14.18,0.574741607793129
14.2,0.5748478805356854
14.22,0.5756949235678176
14.24,0.5775136760171755
14.26,0.5799123469463626
14.28,0.5823302390825431
14.3,0.5843599215653019
14.32,0.5858362845863385
14.34,0.586789689048572
14.36,0.5873492433446859
14.38,0.5876654607120374
14.4,0.5878651545129925
14.42,0.5880335260788647
14.44,0.5882179579699672
14.46,0.5884357771021903
14.48,0.5886845543952837
14.5,0.588951652456767
14.52,0.5892198152809683
14.54,0.5894739226035504
14.56,0.5897025256761764
14.58,0.5898986642327547
14.6,0.590061339623134
14.62,0.5901931861884356
14.64,0.5902996018373834
14.66,0.5903868990849203
14.68,0.5904609796639735
14.7,0.5905265878059965
14.72,0.5905870518011146
14.74,0.5906443114073294
14.76,0.5906991241273041
14.78,0.5907516874049344
14.8,0.5908019455384315
14.82,0.5908498944596514
14.84,0.5908956645724848
14.86,0.5909395904465734
14.88,0.5909819908942802
14.9,0.5910232072019697
14.92,0.5910634937119523
14.94,0.5911028317666797
14.96,0.5911410960351317
14.98,0.591178053730592
15.0,0.5912134348004556
15.02,0.5912469822845952
15.04,0.5935896391920223
15.06,0.5975051654330767
15.08,0.6033591285657859
15.1,0.6105637258827817
15.12,0.6176101533713233
15.14,0.6228824773113074
15.16,0.6256122103540283
15.18,0.6262093524269504
15.2,0.6264124523466005
15.22,0.6273103822053195
15.24,0.6291352875052842
15.26,0.6315041171578185
15.28,0.6338714659107951
15.3,0.6358445683932038
15.32,0.637271118977375
15.34,0.6381877211784807
15.36,0.6387280592450929
15.38,0.639041706267322
15.4,0.6392520295360663
15.42,0.6394400005614783
15.44,0.639649050742698
15.46,0.6398939303435783
15.48,0.6401701590799184
15.5,0.6404635844439251
15.52,0.6407579026917314
15.54,0.6410369870574073
15.56,0.6412895354526884
15.58,0.6415089391344517
15.6,0.6416934694812769
15.62,0.6418454252121001
15.64,0.6419698087325624
15.66,0.6420719858105295
15.68,0.6421576350945498
15.7,0.6422316237411488
15.72,0.6422975365191029
15.74,0.6423576459558394
15.76,0.642413521558007
15.78,0.6424660021726631
15.8,0.6425158881133344
15.82,0.6425638033923858
15.84,0.642610393876056
15.86,0.6426561185832709
15.88,0.6427015357972394
15.9,0.6427468326165506
15.92,0.6427920528163923
15.94,0.6428369042434043
15.96,0.6428810479513013
15.98,0.6429238695289807
16.0,0.6429649324929868
16.02,0.6430037384199621
16.04,0.6453278914300538
16.06,0.649269204583319
16.08,0.6551948809547052
16.1,0.6624840192327166
16.12,0.6696167998642839
16.14,0.6749483599300282
16.16,0.6777351171829882
16.18,0.6783959507542705
16.2,0.6786640820990357
16.22,0.679611306720532
16.24,0.6814533186286532
16.26,0.6838012824364639
16.28,0.6861204299018864
16.3,0.6880321097772206
16.32,0.6894004355451916
16.34,0.6902734843333621
16.36,0.6907890208552481
16.38,0.6910956938821664
16.4,0.6913134403628836
16.42,0.6915193177162544
16.44,0.6917521851204689
16.46,0.6920227592766204
16.48,0.6923253728580183
16.5,0.6926454132850343
16.52,0.6929659672766393
16.54,0.6932711521139907
16.56,0.6935490935918808
16.58,0.6937927569847059
16.6,0.6940004697484682
16.62,0.6941732933841367
16.64,0.6943155522909866
16.66,0.6944322453194959
16.68,0.6945288862287219
16.7,0.6946100151096831
16.72,0.6946797270975295
16.74,0.6947407579258381
16.76,0.6947959362997341
16.78,0.6948468396683727
16.8,0.6948951510688804
16.82,0.6949418115673496
16.84,0.6949881561358471
16.86,0.6950348389073064
16.88,0.6950826566667236
16.9,0.6951313216660852
16.92,0.6951810043699791
16.94,0.6952305912014318
16.96,0.6952798450536104
16.98,0.6953276351587203
17.0,0.6953735287284804
17.02,0.6954167271001104
17.04,0.6977944537087912
17.06,0.7017262205765296
17.08,0.707658177759601
17.1,0.714990590088659
17.12,0.7221715944959587
17.14,0.7275618465362199
17.16,0.7304165760568083
17.18,0.731170129493608
17.2,0.731515985559666
17.22,0.7325017893140828
17.24,0.7343427348380156
17.26,0.736655885560942
17.28,0.7389201494299843
17.3,0.7407730407717006
17.32,0.7420897228794691
17.34,0.7429263208968971
17.36,0.7434226950610466
17.38,0.7437265462752473
17.4,0.7439523906605143
17.42,0.7441743245663143
17.44,0.7444279781935926
17.46,0.7447223179343331
17.48,0.745050254346216
17.5,0.7453959420338548
17.52,0.7457425727004982
17.54,0.7460740457520105
17.56,0.7463781001020564
17.58,0.7466468846749749
17.6,0.7468778047427279
17.62,0.747071225254591
17.64,0.7472309682228071
17.66,0.7473613971332378
17.68,0.7474681400881528
17.7,0.7475555419059886
17.72,0.7476283823478783
17.74,0.7476901339714993
17.76,0.7477443760882012
17.78,0.7477932273299179
17.8,0.7478394480493451
17.82,0.7478845222054691
17.84,0.7479303744297741
17.86,0.7479776881663929
17.88,0.7480274281674363
17.9,0.7480790718343412
17.92,0.7481326873196809
17.94,0.748186988652814
17.96,0.7482412582992188
17.98,0.7482940835640831
18.0,0.7483449887222653
18.02,0.7483927344649124
18.04,0.7507331020635117
18.06,0.7546975490252109
18.08,0.7606735627894264
18.1,0.7680539515619853
18.12,0.7753070856206523
18.14,0.7807713907146446
18.16,0.7836954482163863
18.18,0.7845144299715113
18.2,0.7849025609373022
18.22,0.7859059282053499
18.24,0.7877370194820523
18.26,0.7900173607862633
18.28,0.7922308961045014
18.3,0.794024618592019
18.32,0.7952869121978562
18.34,0.7960797984911087
18.36,0.7965482198782302
18.38,0.7968398384092824
18.4,0.7970674791922179
18.42,0.7973006267962364
18.44,0.7975729132727314
18.46,0.797889692499667
18.48,0.7982435337599798
18.5,0.7986172328526243
18.52,0.7989933543273535
18.54,0.7993547402153363
18.56,0.7996892452087654
18.58,0.7999874618438348
18.6,0.800245678825081
18.62,0.8004632334675684
18.64,0.8006431715547768
18.66,0.8007895064712486
18.68,0.8009075742556196
18.7,0.8010024210163851
18.72,0.8010788528261261
18.74,0.8011411344556116
18.76,0.8011938400311247
18.78,0.8012400887637053
18.8,0.8012834041297313
18.82,0.8013259316204062
18.84,0.8013701981347663
18.86,0.8014174228886202
18.88,0.8014682715164618
18.9,0.8015224584821583
18.92,0.8015794899390348
18.94,0.8016379594507468
18.96,0.8016968492131211
18.98,0.801754512676357
19.0,0.8018100381196972
19.02,0.8018624555535437
19.04,0.8042193303383546
19.06,0.808189091697214
19.08,0.8141875859119544
19.1,0.8216197694087268
19.12,0.8289436589817231
19.14,0.8344747345248403
19.16,0.8374675932603922
19.18,0.8383351307130575
19.2,0.8387585049750437
19.22,0.8397741008046321
19.24,0.8415886781811178
19.26,0.8438262373836508
19.28,0.8459789496820671
19.3,0.847706986812043
19.32,0.8489087265020352
19.34,0.8496558017561446
19.36,0.8500939947302643
19.38,0.8503714424802888
19.4,0.8505986087920379
19.42,0.8508424706475198
19.44,0.8511329752951803
19.46,0.8514735374829866
19.48,0.8518543903333967
19.5,0.8522583022315688
19.52,0.8526660839152386
19.54,0.8530593440434384
19.56,0.8534244271113601
19.58,0.8537515552813085
19.6,0.8540361108992729
19.62,0.85427648397143
19.64,0.8544750499883806
19.66,0.8546357950546956
19.68,0.8547640041899689
19.7,0.8548650586989727
19.72,0.8549446642207505
19.74,0.8550076356854285
19.76,0.8550591918802241
19.78,0.8551034165850963
19.8,0.8551443059979368
19.82,0.8551850228095155
19.84,0.8552283052676334
19.86,0.8552753547744207
19.88,0.8553273929728126
19.9,0.8553837717775242
19.92,0.8554438253607715
19.94,0.855506125848909
19.96,0.8555692380393662
19.98,0.8556315449633474
20.0,0.8556917824696594
20.02,0.8557484773221563
20.04,0.8581104591532513
20.06,0.8621258094330259
20.08,0.8681759374903467
20.1,0.8756466465306111
20.12,0.8829858152748187
20.14,0.8885286183420787
20.16,0.8915334228229614
20.18,0.892454545358157
20.2,0.892930207481236
20.22,0.893973401729702
20.24,0.8957773145702507
20.26,0.8979696053185366
20.28,0.9000563752140949
20.3,0.9017129346404039
20.32,0.902851265077684
20.34,0.9035505921730593
20.36,0.9039611267965443
20.38,0.9042278294166157
20.4,0.9044569436955175
20.42,0.9047119067917245
20.44,0.9050193678219148
20.46,0.9053813718836596
20.48,0.9057863487152162
20.5,0.9062157835507331
20.52,0.9066512862808639
20.54,0.9070734531099627
20.56,0.9074681177485916
20.58,0.9078235817714932
20.6,0.9081348481643079
20.62,0.9083991743849927
20.64,0.9086183177369858
20.66,0.9087951637759022
20.68,0.9089354001812902
20.7,0.9090440953122692
20.72,0.9091280758259238
20.74,0.9091923056054854
20.76,0.9092431643818336
20.78,0.909284991160397
20.8,0.9093231397448384
20.82,0.9093609055173154
20.84,0.9094020916228902
20.86,0.9094475183058541
20.88,0.9094993090070198
20.9,0.9095561994034738
20.92,0.9096179898037616
20.94,0.9096826757760378
20.96,0.9097489985731309
20.98,0.9098145340044651
21.0,0.9098785280909608
21.02,0.9099390550597272
21.04,0.9122843657290743
21.06,0.9162738724531982
21.08,0.9223252474088607
21.1,0.9298505721765561
21.12,0.9372684432705737
21.14,0.9428751419187531
21.16,0.9459175016812919
21.18,0.9468637369542223
21.2,0.947357969599072
21.22,0.94839915903654
21.24,0.9501753368755558
21.26,0.952316552551746
21.28,0.9543388160652172
21.3,0.9559273997603256
21.32,0.9570057417067528
21.34,0.9576587215400684
21.36,0.9580381594989308
21.38,0.9582873777755527
21.4,0.9585123802494636
21.42,0.9587730893394489
21.44,0.9590946495776653
21.46,0.9594771051467117
21.48,0.9599070898405183
21.5,0.9603663762744967
21.52,0.9608343232331826
21.54,0.9612907137492925
21.56,0.9617200302853043
21.58,0.9621097673286265
21.6,0.9624520725564701
21.62,0.9627444230894197
21.64,0.962986912508039
21.66,0.9631827790739675
21.68,0.9633377526998954
21.7,0.9634565238393541
21.72,0.9635460079294429
21.74,0.9636125071705165
21.76,0.963663034077782
21.78,0.9637028232480763
21.8,0.9637377234354301
21.82,0.9637720222946081
21.84,0.963809841898168
21.86,0.9638529515925561
21.88,0.9639029352791985
21.9,0.9639592937908241
21.92,0.9640219008846233
21.94,0.9640881356607462
21.96,0.9641570373746756
21.98,0.9642259504850756
22.0,0.9642938163634313
22.02,0.9643582871989671
22.04,0.9667043965110003
22.06,0.9706982109174778
22.08,0.9767784010254188
22.1,0.984320272470294
22.12,0.9917718305792145
22.14,0.9974112505461782
22.16,1.0004800694371065
22.18,1.0014627283015216
22.2,1.0019763976363862
22.22,1.0030165517709655
22.24,1.0047645559509957
22.26,1.0068527041089508
22.28,1.008807206478722
22.3,1.0103270908966264
22.32,1.011341628008593
22.34,1.0119436685417555
22.36,1.0122881688694085
22.38,1.0125198374677942
22.4,1.0127407717784755
22.42,1.0130080538852237
22.44,1.01334451863007
22.46,1.0137485052582758
22.48,1.0142056884009034
22.5,1.0146962232720633
22.52,1.015197047483876
22.54,1.0156878275772503
22.56,1.0161514500495799
22.58,1.016574462886011
22.6,1.0169478173446642
22.62,1.01726768581885
22.64,1.0175341809623113
22.66,1.0177494123210573
22.68,1.0179192011510438
22.7,1.018048432597789
22.72,1.0181443617013994
22.74,1.0182141056406442
22.76,1.0182650893004652
22.78,1.0183035337615556
22.8,1.0183359767532438
22.82,1.0183677854153288
22.84,1.0184024539946288
22.86,1.0184430097712935
22.88,1.0184910537751144
22.9,1.0185463131518517
22.92,1.018608574839924
22.94,1.0186755302648558
22.96,1.0187454048022462
22.98,1.0188163507585946
23.0,1.0188866429864711
23.02,1.0189547250815907
23.04,1.02130891278236
23.06,1.0253143712887778
23.08,1.031415368193876
23.1,1.0389870912030386
23.12,1.046437235557464
23.14,1.0520806309736521
23.16,1.0551757445856726
23.18,1.0561886375470118
23.2,1.0567210996225367
23.22,1.0577587939400401
23.24,1.0594812426156104
23.26,1.0615213977105682
23.28,1.0634120933848303
23.3,1.0648625017560793
23.32,1.065813267891914
23.34,1.0663656119525085
23.36,1.0666756638296693
23.38,1.066888415757449
23.4,1.0671048872736106
23.42,1.0673795521617984
23.44,1.067730863069331
23.46,1.0681562628996812
23.48,1.0686390389515703
23.5,1.0691589970695603
23.52,1.069691866160676
23.54,1.0702167990430587
23.56,1.0707143604122165
23.58,1.0711705590854146
23.6,1.0715746636753207
23.62,1.071922816424894
23.64,1.0722134166506097
23.66,1.072449603946534
23.68,1.0726346846566261
23.7,1.0727758918636765
23.72,1.0728796879432176
23.74,1.0729546872242535
23.76,1.0730078838792514
23.78,1.0730472015904045
23.8,1.0730785875335804
23.82,1.0731083829073425
23.84,1.0731405468779054
23.86,1.0731792615399418
23.88,1.0732250437241189
23.9,1.0732790953407443
23.92,1.0733395469553029
23.94,1.0734067590327534
23.96,1.0734768615316186
23.98,1.073549769698528
24.0,1.073621763354418
24.02,1.0736931254540358
24.04,1.0760743485175304
24.06,1.0801057184676879
24.08,1.0861942820290151
24.1,1.0937286081937603
24.12,1.101150479117408
24.14,1.1067891510503884
24.16,1.109730022716987
24.18,1.1108967134332324
24.2,1.1116195700714866
24.22,1.1127675797493661
24.24,1.1144722013547586
24.26,1.1164041454281368
24.28,1.118156892033023
24.3,1.1194877902487326
24.32,1.1203562959665154
24.34,1.1208639093199106
24.36,1.1211569333806708
24.38,1.1213710577218827
24.4,1.1215981759376539
24.42,1.1218895498897221
24.44,1.1222602537437565
24.46,1.1227083228629309
24.48,1.1232141984706245
24.5,1.123757934011628
24.52,1.1243144690242262
24.54,1.1248633818300817
24.56,1.125383941876106
24.58,1.125863490568183
24.6,1.126289679216508
24.62,1.1266586276993251
24.64,1.1269671281241491
24.66,1.1272189043265977
24.68,1.127416840050016
24.7,1.1275696826654318
24.72,1.1276822323464808
24.74,1.1277637068254247
24.76,1.1278206405662958
24.78,1.1278626926581774
24.8,1.127894605026268
24.82,1.1279251341991918
24.84,1.1279566002707757
24.86,1.1279942668998424
24.88,1.128037972725212
24.9,1.1280907385692516
24.92,1.1281499097884475
24.94,1.1282166739978883
24.96,1.1282860519934614
24.98,1.1283591254770688
25.0,1.128431719748538
25.02,1.1285050555085294
25.04,1.130835154675146
25.06,1.134814794163139
25.08,1.140908059546979
25.1,1.1485219243283615
25.12,1.156033337336118
25.14,1.1617342425393073
25.16,1.1646740540803584
25.18,1.165813245968294
25.2,1.1665006697541918
25.22,1.1676140055078292
25.24,1.1692774017985486
25.26,1.1711591375210966
25.28,1.1728514540040313
25.3,1.1741200969125736
25.32,1.1749305707559468
25.34,1.1753890862377525
25.36,1.17564520599551
25.38,1.1758383121677154
25.4,1.1760557802436837
25.42,1.1763487187589496
25.44,1.1767296576253878
25.46,1.1771943647475143
25.48,1.1777209673743148
25.5,1.178290891083699
25.52,1.1788756147049744
25.54,1.1794557990424934
25.56,1.1800080238305801
25.58,1.1805187605271057
25.6,1.180973516598845
25.62,1.1813695314364645
25.64,1.1817015485019924
25.66,1.1819748538074941
25.68,1.1821902608072723
25.7,1.1823572399553006
25.72,1.1824795898536247
25.74,1.1825691886090204
25.76,1.182630562019787
25.78,1.182675964521725
25.8,1.182708796505805
25.82,1.182739316444656
25.84,1.1827688298945733
25.86,1.1828051859467519
25.88,1.1828467267430696
25.9,1.1828979365908365
25.92,1.1829545385303757
25.94,1.1830201089435426
25.96,1.1830884874995793
25.98,1.1831620405299321
26.0,1.1832357079727693
26.02,1.1833106374728755
26.04,1.1856904106365111
26.06,1.1897100416075292
26.08,1.1958021616722831
26.1,1.2033810778359126
26.12,1.2108576192934701
26.14,1.2165173480055533
26.16,1.2194351724540013
26.18,1.2205779702929813
26.2,1.22127386094036
26.22,1.2223842338740614
26.24,1.2240228613413704
26.26,1.2258575763491748
26.28,1.2274886754055807
26.3,1.2286931341782035
26.32,1.2294435204183882
26.34,1.229856400877179
26.36,1.2300814217472045
26.38,1.2302580531028136
26.4,1.2304708663953154
26.42,1.2307699707061928
26.44,1.231161656929791
26.46,1.2316430533078793
26.48,1.2321902486436218
26.5,1.23278297238557
26.52,1.2333918553633063
26.54,1.2339974489540686
26.56,1.2345737651730952
26.58,1.2351093848346137
26.6,1.2355883063122928
26.62,1.236008730563056
26.64,1.2363624503511028
26.66,1.2366557612910236
26.68,1.236888460057071
26.7,1.2370704199163043
26.72,1.237204766067705
26.74,1.2373042658609104
26.76,1.2373722676517824
26.78,1.2374224923631456
26.8,1.2374573528477244
26.82,1.2374889853617865
26.84,1.2375181403936628
26.86,1.2375533766292472
26.88,1.2375924409768964
26.9,1.237641428576094
26.92,1.2376953328186784
26.94,1.2377583998060464
26.96,1.2378247564000175
26.98,1.2378975036320052
27.0,1.23796952704827
27.02,1.2380452169173228
27.04,1.240401046075501
27.06,1.2443586876625545
27.08,1.2504249259955502
27.1,1.2579958278866112
27.12,1.2654688795292752
27.14,1.2711477896916226
27.16,1.2740979070344736
27.18,1.2752519091694716
27.2,1.2759392362244797
27.22,1.277024099416492
27.24,1.278620690184845
27.26,1.2804021923163984
27.28,1.2819746435312223
27.3,1.2831221716771302
27.32,1.2838234629696934
27.34,1.2841983697739365
27.36,1.2843963756158254
27.38,1.2845577120895455
27.4,1.2847653571511977
27.42,1.285066696642117
27.44,1.2854687166421541
27.46,1.2859648797307954
27.48,1.2865293161982212
27.5,1.2871424419357083
27.52,1.287774929135953
27.54,1.2884057427964462
27.56,1.2890085665101036
27.58,1.2895706801712745
27.6,1.2900755776112245
27.62,1.29052071891542
27.64,1.2908970460785283
27.66,1.2912108873111825
27.68,1.2914606750990076
27.7,1.2916578878919112
27.72,1.2918040703031906
27.74,1.2919137217430625
27.76,1.2919894401585956
27.78,1.2920457829501488
27.8,1.2920846324858521
27.82,1.2921186739467585
27.84,1.2921479848976956
27.86,1.2921831638876844
27.88,1.2922208668174646
27.9,1.292268580930484
27.92,1.292320318891929
27.94,1.2923811924763464
27.96,1.2924453842382555
27.98,1.2925165371136473
28.0,1.29258758621181
28.02,1.2926633019420817
28.04,1.2950093729098284
28.06,1.2989829030171451
28.08,1.305028948652976
28.1,1.3125625829977174
28.12,1.3200113719311166
28.14,1.3256651156349823
28.16,1.328600541191013
28.18,1.3297561791863493
28.2,1.3304435271989226
28.22,1.331512258033835
28.24,1.3330712810326883
28.26,1.3347985281582075
28.28,1.3363084885884022
28.3,1.3373959265521569
28.32,1.3380457810321198
28.34,1.3383814887958723
28.36,1.3385528387058518
28.38,1.338699092596698
28.4,1.3388998039999243
28.42,1.3392039035868954
28.44,1.3396125572388569
28.46,1.3401203454801367
28.48,1.3406999249776497
28.5,1.341330586259487
28.52,1.341982086600576
28.54,1.3426341731608928
28.56,1.3432586611185968
28.58,1.3438433448839333
28.6,1.3443694473054226
28.62,1.3448345105339072
28.64,1.3452298799025204
28.66,1.3455613973188763
28.68,1.3458268574493661
28.7,1.3460379128642612
28.72,1.3461961046238686
28.74,1.3463153816962616
28.76,1.3463992282920332
28.78,1.3464619914438711
28.8,1.3465057956865154
28.82,1.3465436920675489
28.84,1.3465756590797835
28.86,1.346611522036479
28.88,1.3466493010595357
28.9,1.3466952516351554
28.92,1.3467457020092546
28.94,1.3468049913984164
28.96,1.3468669175618906
28.98,1.346934934504676
29.0,1.3470047419036042
29.02,1.3470786411414568
29.04,1.3494527635648013
29.06,1.3533896753006818
29.08,1.359376817525292
29.1,1.366860846043276
29.12,1.3742833258566942
29.14,1.3799326920789514
29.16,1.3828734855358653
29.18,1.3840248137900442
29.2,1.3846931861632414
29.22,1.3857232727534166
29.24,1.3872300263986679
29.26,1.388898557677581
29.28,1.3903482473384605
29.3,1.3913787692427317
29.32,1.3919811929573689
29.34,1.3922784531709356
29.36,1.3924255942721415
29.38,1.3925556148891496
29.4,1.3927517330958494
29.42,1.393056092425453
29.44,1.3934727772538174
29.46,1.393990924520365
29.48,1.3945849669485804
29.5,1.3952312140902456
29.52,1.3959003621184534
29.54,1.396568481874996
29.56,1.3972113575001266
29.58,1.3978123857004319
29.6,1.3983575136949111
29.62,1.3988386935041834
29.64,1.3992506400896991
29.66,1.3995958627268505
29.68,1.3998760111737267
29.7,1.4000980441903732
29.72,1.4002682936612822
29.74,1.4003962159767662
29.76,1.4004887267928254
29.78,1.400556256659247
29.8,1.4006065311965612
29.82,1.4006465301971853
29.84,1.4006823912786748
29.86,1.4007188947222382
29.88,1.4007591304509859
29.9,1.4008039281283335
29.92,1.4008546337545225
29.94,1.400910674978494
29.96,1.4009727363487456
29.98,1.401038176362016
30.0,1.4011077473913398
30.02,1.4011795517998
30.04,1.4035582824719497
30.06,1.407481314376872
30.08,1.4134218530565859
30.1,1.4208635662163331
30.12,1.4282342699960495
30.14,1.4338326351221806
30.16,1.4367403870004027
30.18,1.4378656169715467
30.2,1.4385139916180978
30.22,1.4395188123620704
30.24,1.4409946251715433
30.26,1.442615988967088
30.28,1.444016475160549
30.3,1.444992190189534
30.32,1.4455478899755894
30.34,1.4458045413536051
30.36,1.4459231048897419
30.38,1.446034188529047
30.4,1.4462248916341476
30.42,1.4465290294575508
30.44,1.4469535158018971
30.46,1.4474792847288578
30.48,1.448085958754653
30.5,1.4487438417033953
30.52,1.4494282072823435
30.54,1.450108934617796
30.56,1.4507670680357272
30.58,1.4513803171764592
30.6,1.4519395333343994
30.62,1.4524316333466183
30.64,1.4528575485996524
30.66,1.453212676371523
30.68,1.45350601585162
30.7,1.453738276483128
30.72,1.4539207212037397
30.74,1.4540570305572835
30.76,1.4541607396386151
30.78,1.4542355770036892
30.8,1.454294421678522
30.82,1.4543390400271394
30.84,1.4543808379291845
30.86,1.4544185526759643
30.88,1.4544610481569697
30.9,1.4545042613759953
30.92,1.4545544595402973
30.94,1.454607630731048
30.96,1.4546679610580515
30.98,1.4547300921935524
31.0,1.4547984230950697
31.02,1.4548672137752017
31.04,1.4572062456140242
31.06,1.461089869767821
31.08,1.4670377340825376
31.1,1.4744481346785285
31.12,1.4817772972572265
31.14,1.4873187166183652
31.16,1.490168958694505
31.18,1.4912441976640938
31.2,1.4918525910265177
31.22,1.4928120785391554
31.24,1.494235418112031
31.26,1.495794694739276
31.28,1.497132626435706
31.3,1.4980492075999
31.32,1.498554524883969
31.34,1.4987686455322833
31.36,1.4988603189886738
31.38,1.4989522677530094
31.4,1.4991344941039955
31.42,1.4994347725058217
31.44,1.4998620950909616
31.46,1.5003927017475378
31.48,1.5010099182126149
31.5,1.5016771343836959
31.52,1.5023731525283333
31.54,1.5030632194472715
31.56,1.5037340168161755
31.58,1.5043563111407436
31.6,1.5049258302584794
31.62,1.5054275998512723
31.64,1.5058650512468308
31.66,1.506229538133911
31.68,1.5065336063545745
31.7,1.5067745644617727
31.72,1.5069663887540743
31.74,1.507110208207953
31.76,1.5072223569180476
31.78,1.5073023307615485
31.8,1.5073666939953203
31.82,1.507415146037041
31.84,1.5074597141366122
31.86,1.5074987978247418
31.88,1.507541647368359
31.9,1.5075836636082107
31.92,1.5076335102790392
31.94,1.5076845256417981
31.96,1.5077435391057055
31.98,1.5078021768031142
32.0,1.5078685250462496
32.02,1.5079334759139138
32.04,1.5103054972336636
32.06,1.5141983515215685
32.08,1.5200679626392886
32.1,1.527366175495406
32.12,1.534577566675341
32.14,1.5400231286402026
32.16,1.5428122774780002
32.18,1.543849681423374
32.2,1.5444236511085923
32.22,1.5453420837813678
32.24,1.5467142879922613
32.26,1.548215735348807
32.28,1.5494920720624301
32.3,1.5503494945024192
32.32,1.5508025887765156
32.34,1.5509758567285417
32.36,1.5510376198293612
32.38,1.5511091646515456
32.4,1.5512770500931572
32.42,1.551568648183393
32.44,1.5519934715199257
32.46,1.5525254635692005
32.48,1.5531434449446344
32.5,1.553811894725954
32.52,1.5545103465092582
32.54,1.5552047923169454
32.56,1.555877350080032
32.58,1.556501396006811
32.6,1.557074475853953
32.62,1.5575783564290149
32.64,1.5580185483516278
32.66,1.5583878668897464
32.68,1.5586951262069229
32.7,1.5589417521618583
32.72,1.5591407429721336
32.74,1.5592924955777867
32.76,1.5594121428925785
32.78,1.5595003461127959
32.8,1.5595717684321664
32.82,1.559626134823427
32.84,1.559675618575153
32.86,1.5597169992044821
32.88,1.5597613811768225
32.9,1.5598041400406568
32.92,1.5598534232236085
32.94,1.5599021328358371
32.96,1.5599574873199644
32.98,1.560013371394082
33.0,1.560076468607431
33.02,1.5601399995186291
33.04,1.5624402668822313
33.06,1.5662398066653598
33.08,1.5720508658807015
33.1,1.5792937808921537
33.12,1.5864332692837486
33.14,1.591803394932689
33.16,1.5945255766304072
33.18,1.5954985442889351
33.2,1.5960092851159784
33.22,1.5968578700117175
33.24,1.5981548969858634
33.26,1.5995756630960323
33.28,1.600775082766387
33.3,1.6015589911678183
33.32,1.6019479053248395
33.34,1.6020661041318438
33.36,1.6020817955920283
33.38,1.6021162580713764
33.4,1.6022583192402478
33.42,1.6025301794098983
33.44,1.6029415031009981
33.46,1.60346551485753
33.48,1.6040798242678418
33.5,1.6047461502109281
33.52,1.6054423997549916
33.54,1.606132848338747
33.56,1.6068027379681118
33.58,1.607424073001884
33.6,1.6079938088111794
33.62,1.6084953903894144
33.64,1.6089320108385137
33.66,1.609298203954488
33.68,1.6096043912755449
33.7,1.6098493939241652
33.72,1.6100466077620748
33.74,1.6101960298742566
33.76,1.6103145959983822
33.78,1.6104022744634494
33.8,1.6104720006786157
33.82,1.6105231463489957
33.84,1.6105701232725274
33.86,1.610608424563871
33.88,1.610649920230889
33.9,1.6106849058125254
33.92,1.6107288371151682
33.94,1.6107700362055775
33.96,1.6108205299680312
33.98,1.6108694325918615
34.0,1.6109282029265206
34.02,1.610986263672015
34.04,1.6132458778636207
34.06,1.6170014209555599
34.08,1.6227062987227827
34.1,1.6298111782883469
34.12,1.636800531281554
34.14,1.6420057758159479
34.16,1.644572728822124
34.18,1.645418932776187
34.2,1.6458323262142156
34.22,1.646587765036572
34.24,1.647792615246762
34.26,1.6491051212795331
34.28,1.6501968137631655
34.3,1.6508706090449796
34.32,1.6511597043968762
34.34,1.6511837658477853
34.36,1.651117374878792
34.38,1.651078146457648
34.4,1.651157204993599
34.42,1.6513739976472595
34.44,1.6517380960592492
34.46,1.6522156061002116
34.48,1.6527879827331684
34.5,1.6534144093516476
34.52,1.6540728929473414
34.54,1.6547249318300903
34.56,1.6553563313574575
34.58,1.6559403150936096
34.6,1.6564709097274648
34.62,1.656933368986979
34.64,1.6573365301974645
34.66,1.657668025340738
34.68,1.6579448809059494
34.7,1.6581601423055137
34.72,1.6583307820040412
34.74,1.6584555068478744
34.76,1.6585510982945453
34.78,1.6586139743961894
34.8,1.6586620917796902
34.82,1.6586908496594959
34.84,1.6587171928815223
34.86,1.6587303638095536
34.88,1.658748330442265
34.9,1.6587615690060658
34.92,1.658781069261606
34.94,1.658799265809691
34.96,1.658826110145102
34.98,1.6588522121439253
35.0,1.6588886432008387
35.02,1.6589234270221862
35.04,1.6611187124085476
35.06,1.6647134400878287
35.08,1.670188662267196
35.1,1.6770077304429356
35.12,1.683668846640584
35.14,1.6885453467780214
35.16,1.6907886564640642
35.18,1.6913049143778787
35.2,1.6913895370025565
35.22,1.691825023384814
35.24,1.6927103857888173
35.26,1.6937096824406401
35.28,1.694477595670098
35.3,1.694824371916723
35.32,1.694779786022591
35.34,1.6944749379647435
35.36,1.6940874424468972
35.38,1.69373527123953
35.4,1.6935141821734672
35.42,1.6934451998541615
35.44,1.6935317938218621
35.46,1.6937361412376377
35.48,1.6940427736146861
35.5,1.6944038809786988
35.52,1.6948010244788922
35.54,1.6951928245612118
35.56,1.695569617837668
35.58,1.6958988402382216
35.6,1.6961802450245962
35.62,1.6963995193778199
35.64,1.6965644025596218
35.66,1.696665409258647
35.68,1.6967149701561934
35.7,1.6967119518849938
35.72,1.6966719228718514
35.74,1.6965901215001973
35.76,1.6964911660476762
35.78,1.6963664455971572
35.8,1.6962358320726079
35.82,1.6960944316087663
35.84,1.6959570995523208
35.86,1.695812573608276
35.88,1.6956733600150362
35.9,1.6955360943971796
35.92,1.695407257144999
35.94,1.6952786727491884
35.96,1.6951632877482294
35.98,1.69504956599921
36.0,1.694948985128468
36.02,1.694850898982454
36.04,1.6966850038034955
36.06,1.6996728351251635
36.08,1.704244497980863
36.1,1.7098892649726063
36.12,1.7149761080216024
36.14,1.717899520738481
36.16,1.7185383863119437
36.18,1.7178005771475666
36.2,1.7167814608303413
36.22,1.7160469717991178
36.24,1.715608002466017
36.26,1.7151457554301772
36.28,1.7143576771637608
36.3,1.7130836100376923
36.32,1.711366284716753
36.34,1.7093472395243638
36.36,1.7072074836781195
36.38,1.7050592643109403
36.4,1.70299564016332
36.42,1.701052039593343
36.44,1.6992337183981547
36.46,1.6975122452062674
36.48,1.695869546130646
36.5,1.6942661947747448
36.52,1.6926812737059544
36.54,1.691073673466826
36.56,1.6894358565509036
36.58,1.6877435400007152
36.6,1.6860006719153429
36.62,1.6842113313278628
36.64,1.6823907669648785
36.66,1.6805337493534782
36.68,1.6786384470903315
36.7,1.6767195312639709
36.72,1.6748000823895794
36.74,1.672889790763608
36.76,1.671011718520577
36.78,1.6691718392188162
36.8,1.6673772060194456
36.82,1.6656326156578496
36.84,1.6639421924041045
36.86,1.662304229780155
36.88,1.6607061679772126
36.9,1.6591579897978637
36.92,1.6576537781535143
36.94,1.6561897178580958
36.96,1.6547605342197356
36.98,1.6533754102323517
37.0,1.652028700128469
37.02,1.650729038835021
37.04,1.6495375719409848
37.06,1.6467990660205911
37.08,1.6438234278863775
37.1,1.6412633448433491
37.12,1.6371514739751607
37.14,1.6323184378767457
37.16,1.6272265776416985
37.18,1.6222535004454814
37.2,1.6176887518884164
37.22,1.6136117836059605
37.24,1.6097537823913808
37.26,1.605771975362907
37.28,1.6013511118760804
37.3,1.59641048376493
37.32,1.5911067372245211
37.34,1.5856970295492996
37.36,1.5804038120111277
37.38,1.5754098126500944
37.4,1.5708041821184553
37.42,1.5665958373341171
37.44,1.5626955488593208
37.46,1.5590658415508247
37.48,1.5556065691463064
37.5,1.5522663196998598
37.52,1.5489752684883011
37.54,1.5457280767185104
37.56,1.5425238845792562
37.58,1.5393714354072825
37.6,1.5362915433139828
37.62,1.5333031519198081
37.64,1.5304206483973513
37.66,1.527710252280138
37.68,1.5251601250216522
37.7,1.52275940599498
37.72,1.5205439183307772
37.74,1.518481082552822
37.76,1.5165751263615064
37.78,1.514802859719092
37.8,1.513172716382927
37.82,1.5116563907503764
37.84,1.510260936499337
37.86,1.5089884593840948
37.88,1.5078123699274215
37.9,1.506758071624164
37.92,1.5058196696936534
37.94,1.5049729701365966
37.96,1.504211991677669
37.98,1.5035478603788774
38.0,1.5029490725375219
38.02,1.502408995589335
38.04,1.5006766363322965
38.06,1.495874868781929
38.08,1.489824850657044
38.1,1.484358042331838
38.12,1.4767935961831211
38.14,1.4705242508621033
38.16,1.4669307693220557
38.18,1.4652175613753704
38.2,1.4640778699899784
38.22,1.462652803245025
38.24,1.4603077645134581
38.26,1.456828637715403
38.28,1.4520619273264006
38.3,1.4464290430776872
38.32,1.4402812556445324
38.34,1.4341729889709514
38.36,1.4286104542142835
38.38,1.4238504697972507
38.4,1.4200916377925683
38.42,1.4172295799872596
38.44,1.4150318667134623
38.46,1.4132983167992867
38.48,1.4116980055679889
38.5,1.4097712109777902
38.52,1.4072309909531504
38.54,1.4039379300679837
38.56,1.4000659738532981
38.58,1.3960125425974017
38.6,1.392234844190006
38.62,1.3891234839880398
38.64,1.3869109352550133
38.66,1.3856896618718095
38.68,1.3853082621154513
38.7,1.385511682602687
38.72,1.3860751620144833
38.74,1.386748288873438
38.76,1.3874121570114029
38.78,1.3881474973413477
38.8,1.389040015198109
38.82,1.3901665390308224
38.84,1.3916788283000605
38.86,1.3936199090116026
38.88,1.3959530284849966
38.9,1.3984858935795557
38.92,1.4009704066245228
38.94,1.4031851332560303
38.96,1.4050417199664837
38.98,1.406605275224943
39.0,1.4080520690458196
39.02,1.409595894662737
39.04,1.4124700615297647
39.06,1.4151870800786746
39.08,1.4178814362863974
39.1,1.4212570489456486
39.12,1.4239615417155582
39.14,1.4269807044487972
39.16,1.4310482492035783
39.18,1.4360307735161433
39.2,1.441657874753807
39.22,1.4472940629034956
39.24,1.4523464572234677
39.26,1.456255931064691
39.28,1.4588283086548568
39.3,1.4600428456996841
39.32,1.4602962443560668
39.34,1.4600119167685406
39.36,1.4594416652698765
39.38,1.4584965877192924
39.4,1.457205654011039
39.42,1.4556557467991746
39.44,1.4539225032857122
39.46,1.4520194849738912
39.48,1.4500424749285703
39.5,1.4481560921920458
39.52,1.4464230666034081
39.54,1.4447057678279165
39.56,1.4427693636452827
39.58,1.4405396823324244
39.6,1.4378766808049968
39.62,1.4347923945278593
39.64,1.4314159531900406
39.66,1.4279846080085663
39.68,1.4246339249502027
39.7,1.4214640315139768
39.72,1.4185625803559765
39.74,1.4159013292198677
39.76,1.4135782936882084
39.78,1.4117430415699244
39.8,1.4104477115581497
39.82,1.4096700863399974
39.84,1.4092442000163607
39.86,1.4090029010133418
39.88,1.4087048530714612
39.9,1.408315471938232
39.92,1.4079476432046625
39.94,1.4077099866335603
39.96,1.4075874826679282
39.98,1.4074562345463775
40.0,1.4071247983469652
40.02,1.4064084642884445
40.04,1.4078582403061304
40.06,1.4100488965944797
40.08,1.4121934895540071
40.1,1.413818504052437
40.12,1.414247534981854
40.14,1.4144825452005823
40.16,1.414598797605617
40.18,1.4140967192499376
40.2,1.412610759937406
40.22,1.4101897651431896
40.24,1.4070081152429692
40.26,1.4036008436320935
40.28,1.4006982597754023
40.3,1.3987535673068705
40.32,1.3978225958343962
40.34,1.3976613048596216
40.36,1.3976439079264604
40.38,1.3972270991150493
40.4,1.396161241320211
40.42,1.3944128359184569
40.44,1.3924041837259116
40.46,1.390517330200568
40.48,1.3890646819001322
40.5,1.3881319239585093
40.52,1.3876603077582046
40.54,1.3874313170198367
40.56,1.3872424443867353
40.58,1.3870452796635326
40.6,1.3868844257806556
40.62,1.386771823902289
40.64,1.3866975034561202
40.66,1.3865472568400194
40.68,1.3861692865735282
40.7,1.385539339786632
40.72,1.3846901350147047
40.74,1.3837868106035573
40.76,1.3829730086698786
40.78,1.3823709747927704
40.8,1.3820325035460148
40.82,1.381867419030545
40.84,1.3817946999188364
40.86,1.3815352095587632
40.88,1.380955822758942
40.9,1.380104000449059
40.92,1.3790887713897368
40.94,1.378171740631972
40.96,1.3775152306923064
40.98,1.37714933824136
41.0,1.3770972609052292
41.02,1.3772199934963791
41.04,1.3785003527828432
41.06,1.37976675928779
41.08,1.3811448954270809
41.1,1.383172989075708
41.12,1.3855149232133899
41.14,1.3866273314561952
41.16,1.3860932455540393
41.18,1.3845663146544278
41.2,1.382971398564372
41.22,1.3819135083671505
41.24,1.3815031936381266
41.26,1.3814235715016172
41.28,1.3812157041066706
41.3,1.3806509863352132
41.32,1.3796273885957826
41.34,1.3783393993834234
41.36,1.3770244945568266
41.38,1.375878565852339
41.4,1.3750530877537086
41.42,1.3745905952984392
41.44,1.3743061442167899
41.46,1.3740179993918
41.48,1.3734900790574682
41.5,1.372782785619483
41.52,1.371993554049974
41.54,1.371289033711784
41.56,1.3707909342419602
41.58,1.3705265718601616
41.6,1.37044795474959
41.62,1.3704089308034635
41.64,1.3702046569254471
41.66,1.3697330528749965
41.68,1.3691222284717472
41.7,1.368505789067949
41.72,1.367999502872001
41.74,1.3677195754793814
41.76,1.3676631536917894
41.78,1.367809539253573
41.8,1.3679754438790765
41.82,1.3679883836496454
41.84,1.3677836691014325
41.86,1.3674465228963488
41.88,1.3671123215281664
41.9,1.3668112833553856
41.92,1.3665984022252062
41.94,1.3665321456855515
41.96,1.3665732265236281
41.98,1.3665901967218255
42.0,1.3665195827918932
42.02,1.3663513675104593
42.04,1.3669813256801313
42.06,1.3681406237129197
42.08,1.370268039834261
42.1,1.3732478134763124
42.12,1.3760650392836309
42.14,1.377698647973985
42.16,1.3779879556752777
42.18,1.3772988378363298
42.2,1.3762629905451573
42.22,1.3752800982926279
42.24,1.374475796357496
42.26,1.3738043016927661
42.28,1.373094912061529
42.3,1.3722144104558631
42.32,1.3711780934933968
42.34,1.370076507524426
42.36,1.3690453391905335
42.38,1.3681705525062084
42.4,1.3674390532166278
42.42,1.3668624011034047
42.44,1.3664071785651248
42.46,1.3659317996646028
42.48,1.3653502920491836
42.5,1.3647321589159143
42.52,1.3641478327835859
42.54,1.363751134522912
42.56,1.3635543300635042
42.58,1.3634666795813197
42.6,1.363365788648362
42.62,1.3631623097174406
42.64,1.3627856762677948
42.66,1.36225689171168
42.68,1.3616088046432997
42.7,1.3610309569040966
42.72,1.3607010754819466
42.74,1.3606680896486
42.76,1.360843528718105
42.78,1.3610239995942273
42.8,1.3610420169569017
42.82,1.3608783545810534
42.84,1.3605153642809367
42.86,1.3600281576048983
42.88,1.3595395199061246
42.9,1.3593020589704063
42.92,1.3593402713014686
42.94,1.3595982964191788
42.96,1.3598680971869874
42.98,1.3599730961416865
43.0,1.3598380229222249
43.02,1.3594830188376335
43.04,1.3597499530979604
43.06,1.3602562687174091
43.08,1.361343554302657
43.1,1.3630250716366377
43.12,1.3645815779066395
43.14,1.3656714260596328
43.16,1.3658868127153028
43.18,1.3652359887222276
43.2,1.3640485814610641
43.22,1.3625871719851965
43.24,1.3610494036128442
43.26,1.35954813812103
43.28,1.3581446836508941
43.3,1.3569673593628557
43.32,1.3560936448718226
43.34,1.3555156281216825
43.36,1.3550425632016565
43.38,1.3544533675944699
43.4,1.3536482988866592
43.42,1.3526220783784941
43.44,1.3515089208600743
43.46,1.3504285394518996
43.48,1.349556525421556
43.5,1.3490040202326552
43.52,1.348786417181864
43.54,1.3488051709871993
43.56,1.3488358041509039
43.58,1.348636847590096
43.6,1.348072724371846
43.62,1.347255332624904
43.64,1.3463583337628966
43.66,1.3455536480986643
43.68,1.3449775401990363
43.7,1.3447531163266186
43.72,1.344836061812103
43.74,1.3450819141510506
43.76,1.3452119636697748
43.78,1.3450354899360055
43.8,1.3445143774916282
43.82,1.3438261584225026
43.84,1.3431420295989625
43.86,1.3426065632331414
43.88,1.3423468805903516
43.9,1.3424146877762952
43.92,1.3427017162448875
43.94,1.3429681747658768
43.96,1.342983820875242
43.98,1.3426437144196595
44.0,1.3420724634796055
44.02,1.3414472899924128
44.04,1.341870413565725
44.06,1.3419583460434263
44.08,1.3418656867757106
44.1,1.3422688188021679
44.12,1.3431825896153162
44.14,1.343727815448711
44.16,1.3432273395568666
44.18,1.3417088814874594
44.2,1.339626022108431
44.22,1.3374279923230754
44.24,1.3354137775683124
44.26,1.3336995714123698
44.28,1.332326164360754
44.3,1.3313578621236737
44.32,1.3306527975155282
44.34,1.3299679142315954
44.36,1.3291312776429791
44.38,1.3279984300067311
44.4,1.3265470315711791
44.42,1.324995934449673
44.44,1.3235817315889453
44.46,1.3225616952752648
44.48,1.3219681538895056
44.5,1.3216924145107691
44.52,1.3215684209000693
44.54,1.321405464659745
44.56,1.320990277379447
44.58,1.3202396837611892
44.6,1.3193044172648807
44.62,1.3184455099788892
44.64,1.3178753563280423
44.66,1.3176156576283433
44.68,1.3176013672821476
44.7,1.3176813694040417
44.72,1.3177031493541673
44.74,1.3175167228072326
44.76,1.3170631620498636
44.78,1.3164170797343615
44.8,1.3158073459136672
44.82,1.3154029337635615
44.84,1.315253163201911
44.86,1.3153470128780032
44.88,1.31555340169136
44.9,1.315730689377871
44.92,1.315703476446394
44.94,1.3154059394705186
44.96,1.3148962716194623
44.98,1.3143586742767996
45.0,1.3139664556398278
45.02,1.3138521780729355
45.04,1.3142213592064123
45.06,1.313799327034203
45.08,1.313226367510823
45.1,1.3132950275333508
45.12,1.3140256033119877
45.14,1.3137425201907873
45.16,1.3121695814558576
45.18,1.3098418386350905
45.2,1.3073864515835627
45.22,1.305224678116189
45.24,1.3033994125885133
45.26,1.301984715853775
45.28,1.3007669760559983
45.3,1.2995794960712048
45.32,1.298213978893376
45.34,1.2966851274509592
45.36,1.2950280184274936
45.38,1.293450474535853
45.4,1.2920129935858795
45.42,1.2907753053594515
45.44,1.2897787288865725
45.46,1.2890097742121094
45.48,1.288352095736981
45.5,1.2876103983068259
45.52,1.2867470926686377
45.54,1.2858995969903861
45.56,1.2852186319419696
45.58,1.2848346841648763
45.6,1.284729887696731
45.62,1.2848266830596768
45.64,1.2850929328891267
45.66,1.2852588063061356
45.68,1.2850322109912118
45.7,1.2843282435871048
45.72,1.2833056888517451
45.74,1.2823468397340818
45.76,1.2817198901014144
45.78,1.2814748955178359
45.8,1.2815895451414536
45.82,1.2820786421683363
45.84,1.2827159390115466
45.86,1.2831283422607274
45.88,1.2830566612063032
45.9,1.2824750452869593
45.92,1.2817040744267543
45.94,1.2810270263000096
45.96,1.2805766716151334
45.98,1.2803130157632403
46.0,1.2803475713207997
46.02,1.2806157275166221
46.04,1.280867749315856
46.06,1.2805416148348163
46.08,1.2801001398175762
46.1,1.2794833368558116
46.12,1.278738862668217
46.14,1.2777321327219842
46.16,1.2762242716847148
46.18,1.2742992635119834
46.2,1.2723846405773822
46.22,1.2707271279893897
46.24,1.2693486236412312
46.26,1.2680297119694024
46.28,1.2666801965525945
46.3,1.2652302813015346
46.32,1.263792014292951
46.34,1.2624280531642353
46.36,1.2611701096766395
46.38,1.2599728718081715
46.4,1.2589233980319192
46.42,1.2581996713157049
46.44,1.2577986306476414
46.46,1.2576837247855401
46.48,1.257694613351461
46.5,1.2576396614397842
46.52,1.257323895023651
46.54,1.2566396052279754
46.56,1.255530521151657
46.58,1.2541724249449357
46.6,1.2529182026328283
46.62,1.2519997069376338
46.64,1.2514530121445742
46.66,1.251347613144781
46.68,1.2517611472179144
46.7,1.2524580370113993
46.72,1.2530729109213425
46.74,1.2532810098673415
46.76,1.2530261967417053
46.78,1.2524292046971404
46.8,1.2515695933484525
46.82,1.2504398636121954
46.84,1.2490943312318288
46.86,1.2479142503481018
46.88,1.2474101614311484
46.9,1.2475554747983595
46.92,1.2479924502583444
46.94,1.2484619919386097
46.96,1.248960042347121
46.98,1.249352470973225
47.0,1.2494050122782114
47.02,1.2488444715452132
47.04,1.2485591517934584
47.06,1.2473845505788865
47.08,1.2456866398394064
47.1,1.244308811105045
47.12,1.2441314160844654
47.14,1.2445793449263962
47.16,1.2450286768664054
47.18,1.2450769971185618
47.2,1.2443874634380876
47.22,1.2427635389949672
47.24,1.2402665781576503
47.26,1.2372855293376142
47.28,1.2344841718613087
47.3,1.2323934857323586
47.32,1.2312534741536212
47.34,1.2308470274053476
47.36,1.230948757732965
47.38,1.231546584971625
47.4,1.2325401361316992
47.42,1.2334897132064386
47.44,1.2341287080133096
47.46,1.2340506884764142
47.48,1.2330596570509165
47.5,1.2312251602085607
47.52,1.228980003911676
47.54,1.2265631305158662
47.56,1.2241172120755148
47.58,1.2217245340936254
47.6,1.2194359998695004
47.62,1.2173813437241627
47.64,1.2160148866412246
47.66,1.2157500358205318
47.68,1.216747022597876
47.7,1.2186692570034765
47.72,1.2209240306460658
47.74,1.2228083233934024
47.76,1.223813147607394
47.78,1.2235814485694028
47.8,1.2221539284172631
47.82,1.2199370616174035
47.84,1.2175106497578787
47.86,1.215385803764216
47.88,1.2139904763255782
47.9,1.2134672239694015
47.92,1.213787001187738
47.94,1.2148725721008908
47.96,1.216298821977876
47.98,1.2175675291000299
48.0,1.2182816499166902
48.02,1.2184087166198023
48.04,1.2189578898919147
48.06,1.2190863053173866
48.08,1.2187094781017134
48.1,1.2178528350480586
48.12,1.2174010853537744
48.14,1.2167683115684964
48.16,1.2152655463807165
48.18,1.2126649494430126
48.2,1.2093311535111226
48.22,1.2059956106611085
48.24,1.2033447112499975
48.26,1.2016707842043188
48.28,1.2009949098401473
48.3,1.201080959730193
48.32,1.201415155142834
48.34,1.201453181490497
48.36,1.2009934819444457
48.38,1.1998088619119565
48.4,1.1977966322997833
48.42,1.19503996396528
48.44,1.1921858289594278
48.46,1.1898940600405865
48.48,1.1885985460384612
48.5,1.188343220609569
48.52,1.1889989009892297
48.54,1.1901091665491745
48.56,1.1913293657040358
48.58,1.1921828238790084
48.6,1.192307389179977
48.62,1.191346328017706
48.64,1.1895071415769782
48.66,1.1873581826141644
48.68,1.185669124597464
48.7,1.1847508199752375
48.72,1.1846415619683477
48.74,1.1850829533513652
48.76,1.1858624789542611
48.78,1.1869792970998825
48.8,1.1884301467910214
48.82,1.189844602429293
48.84,1.1905551883565022
48.86,1.1900846497636104
48.88,1.188547073115198
48.9,1.186627920753198
48.92,1.1850736171414897
48.94,1.1841671283248865
48.96,1.183751073714886
48.98,1.1835499369626472
49.0,1.1834806467879704
49.02,1.1836044629267022
49.04,1.184446399200149
49.06,1.184950660194021
49.08,1.1848214903061174
49.1,1.1848418103936453
49.12,1.1848308207018237
49.14,1.1844469231360493
49.16,1.1833665359918983
49.18,1.1816226854256335
49.2,1.17921044288412
49.22,1.176284322844084
49.24,1.1733826264790017
49.26,1.1709879703919366
49.28,1.1692964784128943
49.3,1.1680943594510307
49.32,1.167282353757757
49.34,1.1667886213793133
49.36,1.1665034582983007
49.38,1.1662482549439923
49.4,1.1657777962278653
49.42,1.1648683877601689
49.44,1.163438079078048
49.46,1.1617733489271365
49.48,1.1603399852199767
49.5,1.159442432782528
49.52,1.1590737203460912
49.54,1.1589650695590923
49.56,1.1589227422252961
49.58,1.159004471942515
49.6,1.1593111550240447
49.62,1.1597909101805075
49.64,1.1601968281985424
49.66,1.160175300885419
49.68,1.1596032487418833
49.7,1.1586425560915126
49.72,1.1577654563184538
49.74,1.1571781756041346
49.76,1.1568145211856409
49.78,1.156539103660335
49.8,1.1563455802793674
49.82,1.1563817174505238
49.84,1.1567322995805578
49.86,1.1572681119891892
49.88,1.157730334717453
49.9,1.157782309851662
49.92,1.1573812452454815
49.94,1.156806429735132
49.96,1.1563408660744368
49.98,1.1559376808217314
50.0,1.155486635597114
