Phi,O/F,Tc,Tt,Te,Rho_exit,H (kJ/kg),U (kJ/kg),Molar Mass,Cp_exit,Gamma_exit,SonicVel,Mach_exit,Ae/At,C*,CF,Ivac,Isp,Ar,CH4,CO,CO2,H,H2,H2O,NH3,NO,NO2,N2,O,OH,O2,Ivac(sec),Isp(sec)
0.75,45.72,1993.9,1766.96,642.3,4.85E-01,-2153.95,-2362.73,25.58,1.2566,1.3489,530,3.733,12.081,1221.1,1.6224,2086.6,1981.2,8.09E-03,0.00E+00,0.00E+00,2.76E-04,0.00E+00,7.54E-18,2.72E-01,0.00E+00,2.95E-08,3.67E-08,6.75E-01,1.57E-18,3.65E-12,4.53E-02,212.7013252,201.9571865
0.76,45.12661,2010.47,1782.47,649.79,4.79E-01,-2177.17,-2388.7,25.541,1.2615,1.3478,533.9,3.731,12.11,1227.5,1.623,2098.5,1992.3,8.08E-03,0.00E+00,0.00E+00,2.75E-04,0.00E+00,1.32E-17,2.75E-01,0.00E+00,3.52E-08,3.77E-08,6.74E-01,2.64E-18,5.12E-12,4.34E-02,213.9143731,203.088685
0.77,44.54055,2026.92,1797.87,657.25,4.73E-01,-2200.34,-2414.62,25.502,1.2664,1.3467,537.2,3.729,12.138,1233.8,1.6236,2110.2,2003.3,8.06E-03,0.00E+00,0.00E+00,2.75E-04,0.00E+00,2.29E-17,2.78E-01,0.00E+00,4.16E-08,3.86E-08,6.72E-01,4.37E-18,7.12E-12,4.15E-02,215.1070336,204.2099898
0.78,43.96952,2043.25,1813.16,664.7,4.67E-01,-2223.45,-2440.5,25.463,1.2714,1.3456,540.4,3.727,12.166,1240.1,1.6243,2121.9,2014.2,8.05E-03,0.00E+00,0.00E+00,2.74E-04,0.00E+00,3.92E-17,2.81E-01,0.00E+00,4.90E-08,3.94E-08,6.71E-01,7.15E-18,9.82E-12,3.96E-02,216.2996942,205.3211009
0.79,43.41294,2059.45,1828.35,672.12,4.61E-01,-2246.52,-2466.32,25.425,1.2763,1.3445,543.6,3.725,12.193,1246.3,1.6248,2133.5,2025,8.04E-03,0.00E+00,0.00E+00,2.74E-04,0.00E+00,6.63E-17,2.84E-01,0.00E+00,5.74E-08,4.01E-08,6.70E-01,1.15E-17,1.31E-11,3.77E-02,217.4821611,206.4220183
0.8,42.87028,2075.54,1843.44,679.53,4.55E-01,-2269.54,-2492.1,25.386,1.2813,1.3434,546.8,3.723,12.221,1252.4,1.6254,2145,2035.7,8.02E-03,0.00E+00,0.00E+00,2.73E-04,0.00E+00,1.11E-16,2.87E-01,0.00E+00,6.68E-08,4.06E-08,6.69E-01,1.84E-17,1.82E-11,3.59E-02,218.6544343,207.5127421
0.81,42.34102,2091.52,1858.42,686.91,4.50E-01,-2292.52,-2517.83,25.348,1.2863,1.3423,549.9,3.721,12.248,1258.5,1.626,2156.5,2046.4,8.01E-03,0.00E+00,0.00E+00,2.73E-04,0.00E+00,1.84E-16,2.90E-01,0.00E+00,7.73E-08,4.10E-08,6.67E-01,2.89E-17,2.45E-11,3.40E-02,219.8267074,208.6034659
0.82,41.82467,2107.39,1873.31,694.28,4.44E-01,-2315.44,-2543.52,25.31,1.2912,1.3412,553.1,3.719,12.275,1264.6,1.6266,2167.8,2057,7.99E-03,0.00E+00,0.00E+00,2.72E-04,0.00E+00,3.01E-16,2.93E-01,0.00E+00,8.90E-08,4.12E-08,6.66E-01,4.48E-17,3.27E-11,3.22E-02,220.9785933,209.6839959
0.83,41.32075,2123.14,1888.1,701.62,4.39E-01,-2338.32,-2569.15,25.272,1.2963,1.3401,556.2,3.717,12.302,1270.6,1.6272,2179.1,2067.5,7.98E-03,0.00E+00,0.00E+00,2.72E-04,0.00E+00,4.89E-16,2.96E-01,0.00E+00,1.02E-07,4.12E-08,6.65E-01,6.86E-17,4.32E-11,3.03E-02,222.1304791,210.7543323
0.84,40.82884,2138.79,1902.79,708.94,4.34E-01,-2361.15,-2594.74,25.234,1.3013,1.3391,559.3,3.715,12.329,1276.6,1.6277,2190.3,2077.9,7.96E-03,0.00E+00,0.00E+00,2.71E-04,0.00E+00,7.87E-16,2.99E-01,0.00E+00,1.16E-07,4.10E-08,6.64E-01,1.04E-16,5.68E-11,2.85E-02,223.2721713,211.814475
0.85,40.3485,2154.33,1917.39,716.24,4.29E-01,-2383.94,-2620.29,25.197,1.3063,1.338,562.3,3.713,12.355,1282.5,1.6283,2201.4,2088.3,7.95E-03,0.00E+00,0.00E+00,2.71E-04,0.00E+00,1.26E-15,3.02E-01,0.00E+00,1.31E-07,4.06E-08,6.63E-01,1.55E-16,7.40E-11,2.67E-02,224.4036697,212.8746177
0.86,39.87933,2169.78,1931.9,723.52,4.24E-01,-2406.68,-2645.78,25.159,1.3114,1.3369,565.4,3.712,12.381,1288.4,1.6288,2212.5,2098.5,7.94E-03,0.00E+00,0.00E+00,2.70E-04,0.00E+00,1.99E-15,3.05E-01,0.00E+00,1.48E-07,4.00E-08,6.62E-01,2.23E-16,9.57E-11,2.49E-02,225.5351682,213.9143731
0.87,39.42095,2185.12,1946.31,730.78,4.19E-01,-2429.37,-2671.24,25.122,1.3164,1.3359,568.4,3.71,12.407,1294.2,1.6294,2223.4,2108.7,7.92E-03,0.00E+00,0.00E+00,2.70E-04,0.00E+00,3.14E-15,3.08E-01,0.00E+00,1.65E-07,3.91E-08,6.60E-01,3.34E-16,1.23E-10,2.30E-02,226.6462793,214.9541284
0.88,38.97298,2200.36,1960.65,738.01,4.14E-01,-2452.02,-2696.65,25.084,1.3215,1.3348,571.4,3.708,12.433,1300,1.6299,2234.3,2118.9,7.91E-03,0.00E+00,0.00E+00,2.69E-04,0.00E+00,4.90E-15,3.11E-01,0.00E+00,1.84E-07,3.80E-08,6.59E-01,4.81E-16,1.57E-10,2.12E-02,227.7573904,215.9938838
0.89,38.53508,2215.51,1974.89,745.22,4.10E-01,-2474.63,-2722.01,25.047,1.3265,1.3338,574.4,3.706,12.458,1305.7,1.6305,2245.2,2129,7.89E-03,0.00E+00,0.00E+00,2.69E-04,0.00E+00,7.63E-15,3.14E-01,0.00E+00,2.03E-07,3.66E-08,6.58E-01,6.84E-16,1.98E-10,1.94E-02,228.8685015,217.0234455
0.9,38.10692,2230.57,1989.06,752.4,4.05E-01,-2497.2,-2747.33,25.01,1.3316,1.3327,577.4,3.705,12.484,1311.5,1.631,2255.9,2139,7.88E-03,0.00E+00,0.00E+00,2.68E-04,0.00E+00,1.18E-14,3.17E-01,0.00E+00,2.22E-07,3.49E-08,6.57E-01,9.60E-16,2.48E-10,1.76E-02,229.9592253,218.0428135
0.91,37.68816,2245.53,2003.14,759.56,4.01E-01,-2519.72,-2772.61,24.973,1.3367,1.3317,580.3,3.703,12.508,1317.1,1.6315,2266.6,2148.9,7.87E-03,0.00E+00,0.00E+00,2.68E-04,6.63E-20,1.82E-14,3.20E-01,0.00E+00,2.42E-07,3.30E-08,6.56E-01,1.33E-15,3.09E-10,1.58E-02,231.049949,219.0519878
0.92,37.27851,2260.39,2017.15,766.7,3.96E-01,-2542.21,-2797.85,24.936,1.3418,1.3307,583.2,3.701,12.533,1322.8,1.632,2277.2,2158.8,7.85E-03,0.00E+00,0.00E+00,2.67E-04,1.14E-19,2.81E-14,3.23E-01,0.00E+00,2.60E-07,3.07E-08,6.55E-01,1.82E-15,3.82E-10,1.41E-02,232.1304791,220.0611621
0.93,36.87766,2275.16,2031.09,773.81,3.92E-01,-2564.65,-2823.04,24.9,1.3469,1.3296,586.1,3.7,12.557,1328.4,1.6325,2287.8,2168.6,7.84E-03,0.00E+00,0.00E+00,2.67E-04,1.94E-19,4.32E-14,3.26E-01,0.00E+00,2.77E-07,0.00E+00,6.54E-01,2.44E-15,4.67E-10,1.23E-02,233.2110092,221.0601427
0.94,36.48535,2289.81,2044.96,780.9,3.88E-01,-2587.06,-2848.2,24.863,1.3521,1.3286,589,3.698,12.581,1334,1.633,2298.2,2178.4,7.82E-03,0.00E+00,0.00E+00,2.67E-04,3.30E-19,6.67E-14,3.29E-01,0.00E+00,2.91E-07,0.00E+00,6.52E-01,3.22E-15,5.65E-10,1.05E-02,234.2711519,222.0591233
0.95,36.10129,2304.34,2058.76,787.96,3.84E-01,-2609.42,-2873.31,24.827,1.3572,1.3276,591.9,3.697,12.605,1339.6,1.6334,2308.7,2188,7.81E-03,0.00E+00,0.00E+00,2.66E-04,5.58E-19,1.04E-13,3.32E-01,0.00E+00,3.01E-07,0.00E+00,6.51E-01,4.16E-15,6.76E-10,8.74E-03,235.3414883,223.0377166
0.96,35.72523,2318.68,2072.5,794.99,3.80E-01,-2631.76,-2898.39,24.791,1.3623,1.3266,594.7,3.695,12.628,1345.1,1.6338,2319,2197.7,7.80E-03,0.00E+00,0.00E+00,2.66E-04,9.44E-19,1.63E-13,3.35E-01,0.00E+00,3.04E-07,0.00E+00,6.50E-01,5.22E-15,7.97E-10,6.98E-03,236.3914373,224.0265036
0.97,35.35693,2332.75,2086.17,802,3.76E-01,-2654.05,-2923.42,24.754,1.3674,1.3256,597.6,3.694,12.65,1350.6,1.6343,2329.3,2207.3,7.78E-03,0.00E+00,0.00E+00,2.65E-04,1.61E-18,2.64E-13,3.38E-01,0.00E+00,2.97E-07,0.00E+00,6.49E-01,6.30E-15,9.20E-10,5.22E-03,237.4413863,225.0050968
0.98,34.99615,2346.28,2099.73,808.99,3.72E-01,-2676.3,-2948.41,24.718,1.3726,1.3246,600.4,3.692,12.672,1356.2,1.6346,2339.5,2216.8,7.77E-03,0.00E+00,0.00E+00,2.65E-04,2.79E-18,4.48E-13,3.41E-01,0.00E+00,2.72E-07,0.00E+00,6.48E-01,7.12E-15,1.03E-09,3.48E-03,238.4811417,225.9734964
0.99,34.64265,2358.62,2112.98,815.98,3.69E-01,-2698.47,-2973.34,24.683,1.3777,1.3236,603.2,3.691,12.695,1361.7,1.6349,2349.7,2226.2,7.76E-03,0.00E+00,0.00E+00,2.64E-04,5.17E-18,8.76E-13,3.44E-01,0.00E+00,2.16E-07,0.00E+00,6.47E-01,6.94E-15,1.06E-09,1.73E-03,239.520897,226.9317023
1,34.29623,2368.06,2123.94,823.21,3.65E-01,-2720.23,-2997.94,24.647,1.383,1.3226,606.1,3.688,12.727,1366.6,1.6358,2359.7,2235.4,7.74E-03,0.00E+00,7.31E-11,2.64E-04,4.33E-15,3.46E-07,3.46E-01,0.00E+00,8.52E-13,0.00E+00,6.46E-01,3.37E-20,2.46E-12,2.14E-14,240.540265,227.8695209
1.01,33.95666,2372.1,2124.13,819.19,3.65E-01,-2722.87,-3000.1,24.569,1.3853,1.3233,605.7,3.692,12.696,1368.2,1.6343,2360,2236.1,7.72E-03,0.00E+00,7.07E-07,2.62E-04,3.69E-13,3.45E-03,3.45E-01,0.00E+00,6.68E-17,0.00E+00,6.43E-01,2.36E-24,2.00E-14,1.15E-22,240.5708461,227.9408767
1.02,33.62375,2371.17,2119.34,815.83,3.66E-01,-2724.61,-3001.58,24.491,1.3879,1.3238,605.5,3.693,12.671,1368.4,1.6342,2360.2,2236.3,7.69E-03,0.00E+00,1.38E-06,2.61E-04,4.55E-13,6.88E-03,3.44E-01,0.00E+00,2.72E-17,0.00E+00,6.41E-01,0.00E+00,1.19E-14,2.79E-23,240.5912334,227.961264
1.03,33.29731,2367.74,2113.98,812.61,3.66E-01,-2726.2,-3002.94,24.414,1.3906,1.3243,605.2,3.694,12.658,1368.6,1.6341,2360.2,2236.5,7.66E-03,0.00E+00,2.01E-06,2.59E-04,1.89E-13,1.03E-02,3.43E-01,0.00E+00,1.48E-17,0.00E+00,6.39E-01,8.24E-15,8.24E-15,9.28E-24,240.5912334,227.9816514
1.04,32.97714,2363.24,2108.49,809.44,3.66E-01,-2727.73,-3004.26,24.338,1.3933,1.3249,605.3,3.695,12.645,1368.8,1.634,2360.3,2236.6,7.64E-03,0.00E+00,2.61E-06,2.58E-04,4.96E-13,1.37E-02,3.42E-01,0.00E+00,9.14E-18,0.00E+00,6.37E-01,0.00E+00,6.04E-15,3.92E-24,240.6014271,227.9918451
1.05,32.66307,2358.23,2102.97,806.31,3.67E-01,-2729.23,-3005.56,24.262,1.396,1.3254,605.2,3.696,12.633,1369.1,1.6338,2360.3,2238.8,7.61E-03,0.00E+00,3.17E-06,2.56E-04,4.87E-13,1.70E-02,3.41E-01,0.00E+00,6.01E-18,0.00E+00,6.35E-01,0.00E+00,4.58E-15,1.89E-24,240.6014271,228.216106
1.06,32.35493,2352.95,2097.43,803.21,3.67E-01,-2730.71,-3006.83,24.186,1.3987,1.3259,605.1,3.697,12.621,1369.3,1.6336,2360.3,2236.9,7.59E-03,0.00E+00,3.70E-06,2.55E-04,4.69E-13,2.03E-02,3.39E-01,0.00E+00,4.11E-18,0.00E+00,6.32E-01,0.00E+00,3.55E-15,9.88E-25,240.6014271,228.0224261
1.07,32.05255,2347.53,2091.91,800.13,3.67E-01,-2732.18,-3008.1,24.111,1.4014,1.3264,605,3.698,12.608,1369.6,1.6334,2360.3,2237,7.56E-03,0.00E+00,4.21E-06,2.53E-04,4.45E-13,2.37E-02,3.38E-01,0.00E+00,2.90E-18,0.00E+00,6.30E-01,0.00E+00,2.79E-15,5.47E-25,240.6014271,228.0326198
1.08,31.75576,2342.03,2086.41,797.08,3.68E-01,-2733.63,-3009.35,24.037,1.4042,1.3269,604.9,3.699,12.596,1369.8,1.6332,2360.4,2237.1,7.53E-03,0.00E+00,4.68E-06,2.52E-04,4.19E-13,2.69E-02,3.37E-01,1.10E-05,2.08E-18,0.00E+00,6.28E-01,0.00E+00,2.21E-15,0.00E+00,240.6116208,228.0428135
1.09,31.46443,2336.47,2080.92,794.06,3.68E-01,-2735.05,-3010.59,23.963,1.4069,1.3274,604.8,3.699,12.584,1370.1,1.6329,2360.4,2237.2,7.51E-03,0.00E+00,5.13E-06,2.51E-04,3.90E-13,3.02E-02,3.36E-01,1.34E-05,1.53E-18,0.00E+00,6.26E-01,0.00E+00,1.77E-15,0.00E+00,240.6116208,228.0530071
1.1,31.17839,2330.89,2075.46,791.05,3.68E-01,-2736.51,-3011.82,23.889,1.4097,1.3279,604.7,3.7,12.572,1370.3,1.6327,2360.4,2237.3,7.48E-03,0.00E+00,5.55E-06,2.49E-04,3.62E-13,3.35E-02,3.35E-01,1.61E-05,1.13E-18,0.00E+00,6.24E-01,0.00E+00,1.42E-15,0.00E+00,240.6116208,228.0632008
1.11,30.8975,2325.3,2070.03,788.07,3.68E-01,-2737.93,-3013.05,23.817,1.4124,1.3284,604.5,3.701,12.56,1370.6,1.6325,2360.4,2237.4,7.46E-03,0.00E+00,5.95E-06,2.48E-04,3.33E-13,3.67E-02,3.34E-01,1.90E-05,8.42E-19,0.00E+00,6.22E-01,0.00E+00,1.15E-15,0.00E+00,240.6116208,228.0733945
1.12,30.62163,2319.7,2064.62,785.11,3.69E-01,-2739.34,-3014.26,23.744,1.4152,1.3289,604.4,3.702,12.548,1370.8,1.6322,2360.4,2237.5,7.43E-03,0.00E+00,6.32E-06,2.47E-04,3.06E-13,3.99E-02,3.33E-01,2.22E-05,6.35E-19,0.00E+00,6.20E-01,0.00E+00,9.34E-16,0.00E+00,240.6116208,228.0835882
1.13,30.35064,2314.11,2059.23,782.17,3.69E-01,-2740.75,-3015.47,23.672,1.418,1.3294,604.3,3.703,12.536,1371.1,1.632,2360.4,2237.6,7.41E-03,0.00E+00,6.67E-06,2.46E-04,2.80E-13,4.30E-02,3.31E-01,2.56E-05,4.82E-19,0.00E+00,6.18E-01,0.00E+00,7.61E-16,0.00E+00,240.6116208,228.0937819
1.14,30.08441,2308.53,2053.88,779.25,3.69E-01,-2742.14,-3016.67,23.601,1.4208,1.3299,604.2,3.703,12.525,1371.3,1.6318,2360.4,2237.7,7.39E-03,0.00E+00,6.99E-06,2.44E-04,2.56E-13,4.62E-02,3.30E-01,2.94E-05,3.68E-19,0.00E+00,6.16E-01,0.00E+00,6.22E-16,0.00E+00,240.6116208,228.1039755
1.15,29.8228,2302.96,2048.55,776.35,3.69E-01,-2743.53,-3017.87,23.53,1.4237,1.3303,604.1,3.704,12.513,1371.6,1.6315,2360.4,2237.8,7.36E-03,0.00E+00,7.30E-06,2.43E-04,2.33E-13,4.93E-02,3.29E-01,3.34E-05,2.82E-19,0.00E+00,6.14E-01,0.00E+00,5.10E-16,0.00E+00,240.6116208,228.1141692
1.16,29.56571,2297.41,2043.24,773.48,3.70E-01,-2744.91,-3019.05,23.459,1.4265,1.3308,604,3.705,12.501,1371.8,1.6313,2360.4,2237.9,7.34E-03,0.00E+00,7.58E-06,2.42E-04,2.11E-13,5.24E-02,3.28E-01,3.76E-09,2.17E-19,0.00E+00,6.12E-01,0.00E+00,4.19E-16,0.00E+00,240.6116208,228.1243629
1.17,29.31301,2291.87,2037.96,770.62,3.70E-01,-2746.29,-3020.23,23.389,1.4294,1.3313,603.9,3.706,12.49,1372.1,1.6311,2360.4,2238,7.31E-03,0.00E+00,7.85E-06,2.41E-04,1.91E-13,5.55E-02,3.27E-01,4.22E-05,1.68E-19,0.00E+00,6.10E-01,0.00E+00,3.44E-16,0.00E+00,240.6116208,228.1345566
1.18,29.0646,2286.36,2032.71,767.78,3.70E-01,-2747.65,-3021.4,23.32,1.4323,1.3317,603.8,3.707,12.478,1372.3,1.6308,2360.4,2238,7.29E-03,0.00E+00,8.09E-06,2.40E-04,1.73E-13,5.86E-02,3.26E-01,4.71E-05,1.30E-19,0.00E+00,6.08E-01,0.00E+00,2.84E-16,0.00E+00,240.6116208,228.1345566
1.19,28.82036,2280.86,2027.49,764.97,3.70E-01,-2749.09,-3022.56,23.251,1.4353,1.3322,603.7,3.707,12.467,1372.6,1.6306,2360.3,2238.1,7.27E-03,0.00E+00,8.31E-06,2.38E-04,1.56E-13,6.17E-02,3.25E-01,5.24E-05,1.02E-19,0.00E+00,6.06E-01,0.00E+00,2.34E-16,0.00E+00,240.6014271,228.1447503
1.2,28.58019,2275.39,2022.29,762.17,3.71E-01,-2750.36,-3023.72,23.182,1.4383,1.3326,603.6,3.708,12.455,1372.8,1.6304,2360.3,2238.2,7.24E-03,0.00E+00,8.52E-06,2.37E-04,1.41E-13,6.47E-02,3.24E-01,5.80E-05,7.93E-20,0.00E+00,6.04E-01,0.00E+00,1.94E-16,0.00E+00,240.6014271,228.1549439
1.21,28.34399,2269.93,2017.12,759.39,3.71E-01,-2751.7,-3024.87,23.114,1.4416,1.333,603.4,3.709,12.444,1373,1.6301,2360.3,2238.3,7.22E-03,0.00E+00,8.70E-06,2.36E-04,1.27E-13,6.77E-02,3.23E-01,6.39E-05,6.20E-20,0.00E+00,6.02E-01,0.00E+00,1.60E-16,0.00E+00,240.6014271,228.1651376
1.22,28.11166,2264.5,2011.97,756.64,3.71E-01,-2753.04,-3026.01,23.046,1.4444,1.3334,603.3,3.71,12.433,1373.3,1.6299,2360.3,2238.3,7.20E-03,0.00E+00,8.86E-06,2.34E-04,1.14E-13,7.07E-02,3.22E-01,7.02E-05,4.87E-20,0.00E+00,6.00E-01,0.00E+00,1.33E-16,0.00E+00,240.6014271,228.1651376
1.23,27.88311,2259.09,2006.85,753.9,3.71E-01,-2754.36,-3027.15,22.979,1.4475,1.3339,603.2,3.711,12.422,1373.5,1.6297,2360.3,2238.4,7.17E-03,0.00E+00,9.01E-06,2.33E-04,1.03E-13,7.37E-02,3.21E-01,7.68E-05,3.83E-20,0.00E+00,5.98E-01,0.00E+00,1.10E-16,0.00E+00,240.6014271,228.1753313
1.24,27.65825,2253.71,2001.76,751.18,3.72E-01,-2755.68,-3028.28,22.912,1.4507,1.3342,603.1,3.712,12.411,1373.7,1.6294,2360.2,2238.4,7.15E-03,0.00E+00,9.13E-06,2.31E-04,9.20E-14,7.66E-02,3.20E-01,8.39E-05,3.01E-20,0.00E+00,5.96E-01,0.00E+00,9.14E-17,0.00E+00,240.5912334,228.1753313
1.25,27.43698,2248.35,1996.69,748.48,3.72E-01,-2757,-3029.4,22.845,1.454,1.3346,603,3.713,12.4,1374,1.6292,2360.2,2238.5,7.13E-03,0.00E+00,9.23E-06,2.29E-04,8.26E-14,7.94E-02,3.19E-01,9.14E-05,2.38E-20,0.00E+00,5.94E-01,0.00E+00,7.59E-17,0.00E+00,240.5912334,228.185525
1.26,27.21923,2243.01,1991.64,745.81,3.72E-01,-2758.3,-3030.52,22.78,1.4574,1.335,602.8,3.713,12.389,1374.2,1.629,2360.2,2238.6,7.10E-03,0.00E+00,9.30E-06,2.27E-04,7.40E-14,8.24E-02,3.18E-01,9.93E-05,1.88E-20,0.00E+00,5.92E-01,0.00E+00,6.31E-17,0.00E+00,240.5912334,228.1957187
1.27,27.0049,2237.7,1986.62,743.15,3.72E-01,-2759.6,-3031.64,22.714,1.461,1.3353,602.7,3.714,12.378,1374.4,1.6288,2360.1,2238.6,7.08E-03,0.00E+00,9.35E-06,2.24E-04,6.63E-14,8.53E-02,3.17E-01,1.08E-04,1.49E-20,0.00E+00,5.90E-01,0.00E+00,5.26E-17,0.00E+00,240.5810398,228.1957187
1.28,26.79393,2232.41,1981.63,740.51,3.73E-01,-2760.9,-3032.74,22.649,1.4646,1.3356,602.6,3.715,12.367,1374.6,1.6285,2360.1,2238.7,7.06E-03,0.00E+00,9.37E-06,2.21E-04,5.95E-14,8.82E-02,3.16E-01,1.16E-04,1.18E-20,0.00E+00,5.89E-01,0.00E+00,4.38E-17,0.00E+00,240.5810398,228.2059123
1.29,26.58622,2227.14,1976.66,737.9,3.73E-01,-2762.18,-3033.84,22.584,1.4684,1.3359,602.4,3.716,12.357,1374.9,1.6283,2360,2238.7,7.04E-03,1.20E-05,9.36E-06,2.18E-04,5.31E-14,9.11E-02,3.15E-01,1.26E-04,0.00E+00,0.00E+00,5.87E-01,0.00E+00,3.65E-17,0.00E+00,240.5708461,228.2059123
1.3,26.38171,2221.9,1971.72,735.3,3.73E-01,-2763.46,-3034.94,22.52,1.4724,1.3361,602.3,3.717,12.346,1375.1,1.6281,2360,2238.7,7.02E-03,1.50E-05,9.32E-06,2.15E-04,4.75E-14,9.39E-02,3.14E-01,1.36E-04,0.00E+00,0.00E+00,5.85E-01,0.00E+00,3.04E-17,0.00E+00,240.5708461,228.2059123
1.31,26.18032,2216.98,1966.8,732.72,3.73E-01,-2764.74,-3036.03,22.456,1.4766,1.3363,602.1,3.718,12.336,1375.3,1.6279,2360,2238.8,6.99E-03,1.85E-05,9.24E-06,2.11E-04,4.25E-14,9.67E-02,3.13E-01,1.46E-04,0.00E+00,0.00E+00,5.83E-01,0.00E+00,2.54E-17,0.00E+00,240.5708461,228.216106
1.32,25.98199,2211.48,1961.9,730.17,3.74E-01,-2766,-3037.12,22.393,1.4809,1.3365,602,3.719,12.325,1375.5,1.6276,2359.9,2238.8,6.97E-03,2.26E-05,9.12E-06,2.06E-04,3.79E-14,9.95E-02,3.12E-01,1.57E-04,0.00E+00,0.00E+00,5.81E-01,0.00E+00,2.12E-17,0.00E+00,240.5606524,228.216106
1.33,25.78664,2206.31,1957.03,727.64,3.74E-01,-2767.27,-3038.2,22.33,1.4854,1.3367,601.8,3.72,12.315,1375.7,1.6274,2359.9,2238.9,6.95E-03,2.74E-05,8.96E-06,2.00E-04,3.39E-14,1.02E-01,3.11E-01,1.68E-04,0.00E+00,0.00E+00,5.79E-01,0.00E+00,1.78E-17,0.00E+00,240.5606524,228.2262997
1.34,25.5942,2201.16,1952.19,725.13,3.74E-01,-2768.52,-3039.27,22.268,1.4901,1.3368,601.6,3.721,12.305,1375.9,1.6272,2359.8,2238.9,6.93E-03,3.31E-05,8.76E-06,1.94E-04,3.03E-14,1.05E-01,3.10E-01,1.80E-04,0.00E+00,0.00E+00,5.78E-01,0.00E+00,1.50E-17,0.00E+00,240.5504587,228.2262997
1.35,25.40461,2196.04,1947.36,722.64,3.74E-01,-2769.77,-3040.35,22.206,1.4949,1.3369,601.4,3.723,12.295,1376.1,1.627,2359.8,2238.9,6.91E-03,3.95E-05,8.51E-06,1.87E-04,2.70E-14,1.08E-01,3.09E-01,1.92E-04,0.00E+00,0.00E+00,5.76E-01,0.00E+00,1.25E-17,0.00E+00,240.5504587,228.2262997
1.36,25.21781,2190.94,1942.56,720.17,3.75E-01,-2771.01,-3041.42,22.144,1.4998,1.337,601.3,3.724,12.285,1376.3,1.6267,2359.7,2238.9,6.89E-03,4.67E-05,8.21E-06,1.80E-04,2.41E-14,1.10E-01,3.08E-01,2.05E-04,0.00E+00,0.00E+00,5.74E-01,0.00E+00,1.04E-17,0.00E+00,240.540265,228.2262997
1.37,25.03374,2185.86,1934.79,717.73,3.75E-01,-2772.25,-3042.48,22.083,1.5048,1.337,601.1,3.725,12.275,1376.5,1.6265,2359.7,2239,6.87E-03,5.47E-05,7.87E-06,1.71E-04,2.15E-14,1.13E-01,3.07E-01,2.19E-04,0.00E+00,0.00E+00,5.72E-01,0.00E+00,8.75E-18,0.00E+00,240.540265,228.2364934
1.38,24.85234,2180.81,1933.04,715.31,3.75E-01,-2773.48,-3043.54,22.022,1.5097,1.3371,600.9,3.726,12.266,1376.7,1.6263,2359.6,2239,6.84E-03,6.64E-05,7.49E-06,1.62E-04,1.92E-14,1.16E-01,3.06E-01,2.66E-04,0.00E+00,0.00E+00,5.71E-01,0.00E+00,7.34E-18,0.00E+00,240.5300714,228.2364934
1.39,24.63754,2175.78,1928.31,712.9,3.75E-01,-2774.71,-3044.6,21.962,1.5146,1.3372,600.7,3.727,12.256,1376.9,1.6261,2359.6,2239,6.80E-03,7.28E-05,7.07E-06,1.53E-04,1.72E-14,1.18E-01,3.05E-01,2.48E-04,0.00E+00,0.00E+00,5.69E-01,0.00E+00,6.17E-18,0.00E+00,240.5300714,228.2364934
1.4,24.4973,2170.77,1923.6,710.52,3.76E-01,-2775.92,-3045.65,21.902,1.5192,1.3373,600.6,3.728,12.247,1377.1,1.6259,2359.5,2239,6.80E-03,8.28E-05,6.62E-06,1.42E-04,1.53E-14,1.21E-01,3.05E-01,2.64E-04,0.00E+00,0.00E+00,5.67E-01,0.00E+00,5.18E-18,0.00E+00,240.5198777,228.2364934
1.41,24.32356,2165.78,1918.92,708.15,3.76E-01,-2777.14,-3046.7,21.843,1.5236,1.3374,600.4,3.729,12.237,1377.3,1.6257,2359.4,2239.1,6.78E-03,9.31E-05,6.15E-06,1.32E-04,1.37E-14,1.24E-01,3.04E-01,2.81E-04,0.00E+00,0.00E+00,5.65E-01,0.00E+00,4.36E-18,0.00E+00,240.509684,228.2466871
1.42,24.15227,2160.82,1914.25,705.8,3.76E-01,-2778.35,-3047.75,21.783,1.5277,1.3376,600.3,3.73,12.228,1377.5,1.6254,2359.4,2239.1,6.76E-03,1.04E-04,5.66E-06,1.21E-04,1.22E-14,1.26E-01,3.03E-01,2.98E-04,0.00E+00,0.00E+00,5.64E-01,0.00E+00,3.67E-18,0.00E+00,240.509684,228.2466871
1.43,23.98337,2155.88,1909.62,703.47,3.76E-01,-2779.55,-3048.79,21.725,1.5315,1.3379,600.2,3.731,12.219,1377.7,1.6252,2359.3,2239.1,6.74E-03,1.14E-04,5.17E-06,1.10E-04,1.09E-14,1.29E-01,3.02E-01,3.16E-04,0.00E+00,0.00E+00,5.62E-01,0.00E+00,3.08E-18,0.00E+00,240.4994903,228.2466871
1.44,23.81682,2150.96,1905,701.16,3.77E-01,-2780.75,-3049.82,21.666,1.5349,1.3382,600.1,3.731,12.21,1377.9,1.625,2359.3,2239.1,6.72E-03,1.25E-04,4.68E-06,9.99E-05,9.69E-15,1.31E-01,3.01E-01,3.34E-04,0.00E+00,0.00E+00,5.60E-01,0.00E+00,2.60E-18,0.00E+00,240.4994903,228.2466871
1.45,23.65257,2146.07,1900.4,698.86,3.77E-01,-2781.94,-3050.85,21.608,1.5381,1.3386,600,3.732,12.201,1378.1,1.6248,2359.2,2239.1,6.70E-03,1.35E-04,4.21E-06,8.96E-05,8.64E-15,1.34E-01,3.00E-01,3.54E-04,0.00E+00,0.00E+00,5.59E-01,0.00E+00,2.19E-18,0.00E+00,240.4892966,228.2466871
1.46,23.49057,2141.2,1895.83,696.57,3.77E-01,-2783.13,-3051.87,21.551,1.5409,1.339,599.9,3.733,12.192,1378.2,1.6246,2359.1,2239.1,6.68E-03,1.44E-04,3.75E-06,7.99E-05,7.70E-15,1.36E-01,2.99E-01,3.74E-04,0.00E+00,0.00E+00,5.57E-01,0.00E+00,1.84E-18,0.00E+00,240.479103,228.2466871
1.47,23.33077,2136.35,1891.28,694.29,3.77E-01,-2781.31,-3052.89,21.493,1.5435,1.3394,599.8,3.733,12.183,1378.4,1.6244,2359.1,2239.1,6.66E-03,1.53E-04,3.32E-06,7.07E-05,6.86E-15,1.39E-01,2.98E-01,3.96E-04,0.00E+00,0.00E+00,5.55E-01,0.00E+00,1.55E-18,0.00E+00,240.479103,228.2466871
1.48,23.17313,2131.52,1886.75,690.3,3.77E-01,-2785.49,-3053.91,21.436,1.546,1.3399,599.7,3.734,12.174,1378.6,1.6242,2359,2239.1,6.64E-03,1.61E-04,2.92E-06,6.22E-05,6.11E-15,1.41E-01,2.98E-01,4.18E-04,0.00E+00,0.00E+00,5.54E-01,0.00E+00,1.30E-18,0.00E+00,240.4689093,228.2466871
1.49,23.0176,2126.71,1882.24,689.78,3.78E-01,-2786.66,-3054.91,21.368,1.5483,1.3404,599.6,3.734,12.165,1378.8,1.624,2358.9,2239.1,6.62E-03,1.69E-04,2.55E-06,5.45E-05,5.44E-15,1.44E-01,2.97E-01,4.42E-04,0.00E+00,0.00E+00,5.52E-01,0.00E+00,1.10E-18,0.00E+00,240.4587156,228.2466871
1.5,22.86415,2121.93,1877.76,687.41,3.78E-01,-2787.83,-3055.92,21.323,1.5507,1.3409,599.6,3.735,12.156,1379,1.6238,2358.8,2239.1,6.61E-03,1.75E-04,2.22E-06,4.75E-05,4.84E-15,1.46E-01,2.96E-01,4.66E-04,0.00E+00,0.00E+00,5.51E-01,0.00E+00,9.25E-19,0.00E+00,240.4485219,228.2466871
1.51,22.71273,2117.17,1873.29,685.31,3.78E-01,-2788.99,-3056.91,21.267,1.5531,1.3414,599.5,3.735,12.147,1379.1,1.6236,2358.8,2239.1,6.59E-03,1.81E-04,1.92E-06,4.12E-05,4.31E-15,1.49E-01,2.95E-01,4.92E-04,0.00E+00,0.00E+00,5.49E-01,0.00E+00,7.79E-19,0.00E+00,240.4485219,228.2466871
1.52,22.56331,2112.43,1868.85,683.09,3.78E-01,-2790.14,-3057.9,21.211,1.5555,1.3419,599.4,3.735,12.138,1379.3,1.6234,2358.7,2239.1,6.57E-03,1.87E-04,1.65E-06,3.56E-05,3.83E-15,1.51E-01,2.94E-01,5.18E-04,0.00E+00,0.00E+00,5.47E-01,0.00E+00,6.56E-19,0.00E+00,240.4383282,228.2466871
1.53,22.41583,2107.71,1864.43,680.89,3.79E-01,-2791.29,-3058.89,21.156,1.5581,1.3423,599.3,3.736,12.129,1379.5,1.6232,2358.6,2239.1,6.55E-03,1.91E-04,1.42E-06,3.06E-05,3.40E-15,1.54E-01,2.93E-01,5.46E-04,0.00E+00,0.00E+00,5.46E-01,0.00E+00,5.52E-19,0.00E+00,240.4281346,228.2466871
1.54,22.27028,2103.01,1860.02,678.7,3.79E-01,-2792.44,-3059.87,21.101,1.5608,1.3428,599.2,3.737,12.12,1379.6,1.623,2358.5,2239.1,6.53E-03,1.95E-04,1.22E-06,2.63E-05,3.02E-15,1.56E-01,2.92E-01,5.75E-04,0.00E+00,0.00E+00,5.44E-01,0.00E+00,4.65E-19,0.00E+00,240.4179409,228.2466871
1.55,22.1266,2098.33,1855.64,676.52,3.79E-01,-2793.58,-3060.84,21.046,1.5636,1.3432,599.1,3.737,12.111,1379.8,1.6227,2358.4,2239.1,6.51E-03,1.98E-04,1.04E-06,2.26E-05,2.69E-15,1.58E-01,2.92E-01,6.06E-04,0.00E+00,0.00E+00,5.43E-01,0.00E+00,3.92E-19,0.00E+00,240.4077472,228.2466871
1.56,21.98476,2093.68,1851.28,674.35,3.79E-01,-2794.71,-3061.81,20.992,1.5667,1.3436,599,3.738,12.102,1380,1.6225,2358.3,2239.1,6.49E-03,2.01E-04,8.87E-07,1.93E-05,2.39E-15,1.61E-01,2.91E-01,6.37E-04,0.00E+00,0.00E+00,5.41E-01,0.00E+00,3.30E-19,0.00E+00,240.3975535,228.2466871
1.57,21.84473,2089.04,1846.94,672.19,3.80E-01,-2795.85,-3062.78,20.938,1.5699,1.3439,598.9,3.738,12.093,1380.1,1.6223,2358.3,2239,6.47E-03,2.03E-04,7.55E-07,1.65E-05,2.12E-15,1.63E-01,2.90E-01,6.70E-04,0.00E+00,0.00E+00,5.39E-01,0.00E+00,2.78E-19,0.00E+00,240.3975535,228.2364934
1.58,21.70647,2084.43,1842.62,670.05,3.80E-01,-2796.97,-3063.74,20.884,1.5733,1.3442,598.8,3.739,12.085,1380.3,1.6221,2358.2,2239,6.45E-03,2.05E-04,6.42E-07,1.41E-05,1.88E-15,1.66E-01,2.89E-01,7.05E-04,0.00E+00,0.00E+00,5.38E-01,0.00E+00,2.34E-19,0.00E+00,240.3873598,228.2364934
1.59,21.56995,2079.83,1838.32,667.93,3.80E-01,-2798.09,-3064.69,20.831,1.5768,1.3446,598.7,3.74,12.076,1380.4,1.622,2358.1,2239,6.44E-03,2.07E-04,5.46E-07,1.21E-05,1.67E-15,1.68E-01,2.88E-01,7.40E-04,0.00E+00,0.00E+00,5.36E-01,0.00E+00,1.97E-19,0.00E+00,240.3771662,228.2364934
1.6,21.43514,2075.26,1834.03,665.81,3.80E-01,-2799.21,-3065.65,20.777,1.5805,1.3448,598.6,3.74,12.067,1380.6,1.6218,2358,2239,6.42E-03,2.08E-04,4.63E-07,1.03E-05,1.48E-15,1.70E-01,2.88E-01,7.78E-04,0.00E+00,0.00E+00,5.35E-01,0.00E+00,1.66E-19,0.00E+00,240.3669725,228.2364934
1.61,21.302,2070.71,1829.77,663.72,3.81E-01,-2800.32,-3066.59,20.725,1.5844,1.3451,598.5,3.741,12.059,1380.7,1.6216,2357.9,2239,6.40E-03,2.09E-04,3.93E-07,8.78E-06,1.32E-15,1.73E-01,2.87E-01,8.17E-04,0.00E+00,0.00E+00,5.33E-01,0.00E+00,1.40E-19,0.00E+00,240.3567788,228.2364934
1.62,21.17051,2066.17,1825.53,661.63,3.81E-01,-2801.42,-3067.54,20.672,1.5884,1.3453,598.3,3.742,12.05,1380.9,1.6214,2357.8,2238.9,6.38E-03,2.10E-04,3.34E-07,7.49E-06,1.17E-15,1.75E-01,2.86E-01,8.57E-04,0.00E+00,0.00E+00,5.32E-01,0.00E+00,1.18E-19,0.00E+00,240.3465851,228.2262997
1.63,21.04063,2061.66,1821.31,659.56,3.81E-01,-2802.52,-3068.48,20.62,1.5926,1.3455,598.2,3.743,12.042,1381,1.6212,2357.7,2238.9,6.36E-03,2.10E-04,2.83E-07,6.40E-06,1.04E-15,1.77E-01,2.85E-01,8.99E-04,0.00E+00,0.00E+00,5.30E-01,0.00E+00,9.96E-20,0.00E+00,240.3363914,228.2262997
1.64,20.91233,2057.17,1817.1,657.51,3.81E-01,-2803.62,-3069.41,20.568,1.597,1.3457,598.1,3.744,12.033,1381.2,1.621,2357.6,2238.9,6.35E-03,2.10E-04,2.40E-07,5.46E-06,9.21E-16,1.79E-01,2.84E-01,9.43E-04,0.00E+00,0.00E+00,5.29E-01,0.00E+00,8.40E-20,0.00E+00,240.3261978,228.2262997
1.65,20.78559,2052.69,1812.92,655.46,3.81E-01,-2804.71,-3070.34,20.517,1.6014,1.3459,597.9,3.744,12.025,1381.3,1.6208,2357.5,2238.8,6.33E-03,2.11E-04,2.04E-07,4.67E-06,8.18E-16,1.82E-01,2.84E-01,9.88E-04,0.00E+00,0.00E+00,5.27E-01,0.00E+00,7.09E-20,0.00E+00,240.3160041,228.216106
1.66,20.66038,2048.24,1808.75,653.44,3.82E-01,-2805.8,-3071.27,20.465,1.606,1.346,597.8,3.745,12.017,1381.5,1.6206,2357.4,2238.8,6.31E-03,2.11E-04,1.73E-07,3.99E-06,7.26E-16,1.84E-01,2.83E-01,1.04E-03,0.00E+00,0.00E+00,5.26E-01,0.00E+00,5.98E-20,0.00E+00,240.3058104,228.216106
1.67,20.53666,2043.81,1804.61,651.43,3.82E-01,-2803.88,-3072.2,20.415,1.6108,1.3461,597.6,3.746,12.009,1381.6,1.6204,2357.3,2238.8,6.29E-03,2.11E-04,1.47E-07,3.41E-06,6.45E-16,1.86E-01,2.82E-01,1.08E-03,0.00E+00,0.00E+00,5.24E-01,0.00E+00,5.05E-50,0.00E+00,240.2956167,228.216106
1.68,20.41442,2039.39,1800.48,649.43,3.82E-01,-2807.96,-3073.12,20.361,1.6157,1.3462,597.5,3.747,12,1381.8,1.6202,2357.2,2238.7,6.28E-03,2.11E-04,1.25E-07,2.92E-06,5.72E-16,1.88E-01,2.81E-01,1.14E-03,0.00E+00,0.00E+00,5.23E-01,0.00E+00,4.27E-20,0.00E+00,240.285423,228.2059123
1.69,20.29362,2034.99,1796.37,647.45,3.82E-01,-2809.03,-3074.03,20.314,1.6207,1.3463,597.3,3.748,11.992,1381.9,1.62,2357.1,2238.7,6.26E-03,2.11E-04,1.06E-07,2.50E-06,5.08E-16,1.91E-01,2.80E-01,1.19E-03,0.00E+00,0.00E+00,5.21E-01,0.00E+00,3.61E-20,0.00E+00,240.2752294,228.2059123
1.7,20.17425,2030.62,1792.28,645.48,3.83E-01,-2810.1,-3074.95,20.264,1.6258,1.3463,597.1,3.749,11.984,1382,1.6198,2357,2238.7,6.24E-03,2.10E-04,9.03E-08,2.14E-06,4.51E-16,1.93E-01,2.80E-01,1.24E-03,0.00E+00,0.00E+00,5.20E-01,0.00E+00,3.05E-20,0.00E+00,240.2650357,228.2059123
1.71,20.05627,2026.26,1788.21,643.53,3.83E-01,-2811.16,-3075.86,20.214,1.6311,1.3464,597,3.75,11.977,1382.2,1.6196,2356.9,2238.6,6.23E-03,2.10E-04,7.69E-08,1.84E-06,4.01E-16,1.95E-01,2.79E-01,1.30E-03,0.00E+00,0.00E+00,5.18E-01,0.00E+00,2.58E-20,0.00E+00,240.254842,228.1957187
1.72,19.93967,2021.92,1784.15,641.59,3.83E-01,-2812.23,-3076.77,20.165,1.6365,1.3464,596.8,3.751,11.969,1382.3,1.6195,2356.8,2238.6,6.21E-03,2.10E-04,6.55E-08,1.58E-06,3.56E-16,1.97E-01,2.78E-01,1.36E-03,0.00E+00,0.00E+00,5.17E-01,0.00E+00,2.18E-20,0.00E+00,240.2446483,228.1957187
1.73,19.82441,2017.6,1780.12,639.67,3.83E-01,-2813.28,-3077.67,20.116,1.6421,1.3464,596.6,3.752,11.961,1382.4,1.6193,2356.6,2238.5,6.19E-03,2.09E-04,5.58E-08,1.36E-06,3.16E-16,1.99E-01,2.77E-01,1.42E-03,0.00E+00,0.00E+00,5.16E-01,0.00E+00,1.84E-20,0.00E+00,240.224261,228.185525
1.74,19.71047,2013.3,1776.1,637.77,3.83E-01,-2814.33,-3078.58,20.067,1.6478,1.3464,596.5,3.753,11.953,1382.6,1.6191,2356.5,2238.5,6.17E-03,2.09E-04,4.76E-08,1.17E-06,2.81E-16,2.01E-01,2.77E-01,1.48E-03,0.00E+00,0.00E+00,5.14E-01,0.00E+00,1.56E-20,0.00E+00,240.2140673,228.185525
1.75,19.59784,2009.02,1772.1,635.88,3.84E-01,-2815.38,-3079.48,20.019,1.6536,1.3463,596.3,3.754,11.946,1382.7,1.6189,2356.4,2238.4,6.16E-03,2.09E-04,4.06E-08,1.00E-06,2.49E-16,2.03E-01,2.76E-01,1.55E-03,0.00E+00,0.00E+00,5.13E-01,0.00E+00,1.32E-20,0.00E+00,240.2038736,228.1753313
1.76,19.48649,2004.75,1768.11,634,3.84E-01,-2816.42,-3080.38,19.971,1.6596,1.3463,596.1,3.755,11.939,1382.8,1.6187,2356.3,2238.4,6.14E-03,2.08E-04,3.47E-08,8.65E-07,2.22E-16,2.06E-01,2.75E-01,1.62E-03,0.00E+00,0.00E+00,5.11E-01,0.00E+00,0.00E+00,0.00E+00,240.1936799,228.1753313
1.77,19.3764,2000.51,1764.15,632.14,3.84E-01,-2817.46,-3081.27,19.923,1.6657,1.3462,595.9,3.756,11.931,1382.9,1.6185,2356.2,2238.3,6.13E-03,2.08E-04,2.97E-08,7.46E-07,1.97E-16,2.08E-01,2.74E-01,1.69E-03,0.00E+00,0.00E+00,5.10E-01,0.00E+00,0.00E+00,0.00E+00,240.1834862,228.1651376
1.78,19.26754,1996.28,1760.2,630.29,3.84E-01,-2818.5,-3082.16,19.876,1.6719,1.3461,595.8,3.757,11.924,1383.1,1.6184,2356.1,2238.3,6.11E-03,2.07E-04,2.54E-08,6.44E-07,1.75E-16,2.10E-01,2.74E-01,1.76E-03,0.00E+00,0.00E+00,5.09E-01,0.00E+00,0.00E+00,0.00E+00,240.1732926,228.1651376
1.79,19.1599,1992.07,1756.27,628.46,3.85E-01,-2819.53,-3083.05,19.829,1.6784,1.346,595.6,3.758,11.917,1383.2,1.6182,2356,2238.2,6.09E-03,2.07E-04,2.17E-08,5.56E-77,1.56E-16,2.12E-01,2.73E-01,1.84E-03,0.00E+00,0.00E+00,5.07E-01,0.00E+00,0.00E+00,0.00E+00,240.1630989,228.1549439
1.8,19.05346,1987.88,1752.36,626.65,3.85E-01,-2820.56,-3083.94,19.782,1.6849,1.3459,595.4,3.759,11.91,1383.3,1.618,2355.9,2238.2,6.08E-03,2.07E-04,1.86E-08,4.81E-07,1.39E-16,2.14E-01,2.72E-01,1.91E-03,0.00E+00,0.00E+00,5.06E-01,0.00E+00,0.00E+00,0.00E+00,240.1529052,228.1549439
1.81,18.94819,1983.7,1748.46,624.85,3.85E-01,-2821.58,-3084.83,19.736,1.6916,1.3457,595.2,3.76,11.903,1383.4,1.6178,2355.7,2238.1,6.06E-03,2.06E-04,1.60E-08,4.16E-07,1.23E-16,2.16E-01,2.72E-01,2.00E-03,0.00E+00,0.00E+00,5.04E-01,0.00E+00,0.00E+00,0.00E+00,240.1325178,228.1447503
1.82,18.84408,1979.55,1744.58,623.07,3.85E-01,-2822.61,-3085.71,19.69,1.6985,1.3456,595,3.761,11.896,1383.5,1.6176,2355.6,2238.1,6.05E-03,2.06E-04,1.37E-08,3.61E-07,1.10E-16,2.18E-01,2.71E-01,2.08E-03,0.00E+00,0.00E+00,5.03E-01,0.00E+00,0.00E+00,0.00E+00,240.1223242,228.1447503
1.83,18.74111,1975.41,1740.72,621.3,3.85E-01,-2823.62,-3086.6,19.644,1.7056,1.3454,594.8,3.763,11.889,1383.7,1.6175,2355.5,2238,6.03E-03,2.05E-04,1.18E-08,3.13E-07,9.76E-17,2.20E-01,2.70E-01,2.17E-03,0.00E+00,0.00E+00,5.02E-01,0.00E+00,0.00E+00,0.00E+00,240.1121305,228.1345566
1.84,18.63925,1971.29,1736.88,619.54,3.86E-01,-2824.64,-3087.48,19.598,1.7128,1.3451,594.6,3.764,11.883,1383.8,1.6173,2355.4,2237.9,6.01E-03,2.05E-04,1.01E-08,2.71E-07,8.69E-17,2.22E-01,2.69E-01,2.25E-03,0.00E+00,0.00E+00,5.00E-01,0.00E+00,0.00E+00,0.00E+00,240.1019368,228.1243629
1.85,18.5385,1967.18,1733.05,617.8,3.86E-01,-2825.65,-3088.36,19.553,1.7202,1.3449,594.4,3.765,11.876,1383.9,1.6171,2355.3,2237.9,6.00E-03,2.04E-04,8.69E-09,2.36E-07,7.74E-17,2.24E-01,2.69E-01,2.35E-03,0.00E+00,0.00E+00,4.99E-01,0.00E+00,0.00E+00,0.00E+00,240.0917431,228.1243629
1.86,18.43883,1963.1,1729.24,616.08,3.86E-01,-2826.65,-3089.23,19.508,1.7278,1.3447,594.2,3.766,11.87,1384,1.6169,2355.2,2237.8,5.98E-03,2.04E-04,7.48E-09,2.05E-07,6.90E-17,2.26E-01,2.68E-01,2.44E-03,0.00E+00,0.00E+00,4.98E-01,0.00E+00,0.00E+00,0.00E+00,240.0815494,228.1141692
1.87,18.34023,1959.03,1725.44,614.37,3.86E-01,-2827.65,-3090.11,19.463,1.7355,1.3444,594,3.767,11.863,1384.1,1.6168,2355,2237.8,5.97E-03,2.03E-04,6.45E-09,1.78E-07,6.15E-17,2.28E-01,2.67E-01,2.54E-03,0.00E+00,0.00E+00,4.96E-01,0.00E+00,0.00E+00,0.00E+00,240.0611621,228.1141692
1.88,18.24267,1954.97,1721.66,612.68,3.86E-01,-2828.65,-3090.98,19.419,1.7435,1.3441,593.8,3.768,11.857,1384.2,1.6166,2354.9,2237.7,5.95E-03,2.03E-04,5.56E-09,1.55E-07,5.48E-17,2.30E-01,2.67E-01,2.64E-03,0.00E+00,0.00E+00,4.95E-01,0.00E+00,0.00E+00,0.00E+00,240.0509684,228.1039755
1.89,18.14615,1950.94,1717.9,611,3.86E-01,-2829.65,-3091.86,19.375,1.7516,1.3438,593.6,3.77,11.851,1384.3,1.6164,2354.8,2237.6,5.94E-03,2.02E-04,4.80E-09,1.35E-07,4.89E-17,2.31E-01,2.66E-01,2.75E-03,0.00E+00,0.00E+00,4.94E-01,0.00E+00,0.00E+00,0.00E+00,240.0407747,228.0937819
1.9,18.05065,1946.92,1714.15,609.34,3.87E-01,-2830.64,-3092,19.331,1.76,1.3434,593.4,3.771,11.845,1384.4,1.6163,2354.7,2237.6,5.92E-03,2.02E-04,4.15E-09,1.18E-07,4.36E-17,2.33E-01,2.65E-01,2.86E-03,0.00E+00,0.00E+00,4.92E-01,0.00E+00,0.00E+00,0.00E+00,240.030581,228.0937819
1.91,17.95614,1942.92,1710.42,607.69,3.87E-01,-2831.63,-3093.6,19.288,1.7685,1.3431,593.2,3.772,11.839,1384.5,1.6161,2354.6,2237.5,5.91E-03,2.01E-04,3.58E-09,1.03E-07,3.89E-17,2.35E-01,2.65E-01,2.97E-03,0.00E+00,0.00E+00,4.91E-01,0.00E+00,0.00E+00,0.00E+00,240.0203874,228.0835882
1.92,17.86262,1938.93,1706.71,606.06,3.87E-01,-2832.62,-3094.47,19.244,1.7773,1.3427,592.9,3.773,11.833,1384.6,1.6159,2354.4,2237.4,5.89E-03,2.01E-04,3.10E-09,9.02E-08,3.48E-17,2.37E-01,2.64E-01,3.08E-03,0.00E+00,0.00E+00,4.90E-01,0.00E+00,0.00E+00,0.00E+00,240,228.0733945
1.93,17.77007,1934.96,1703.01,604.44,3.87E-01,-2833.61,-3095.34,19.202,1.7862,1.3423,592.7,3.775,11.828,1384.7,1.6158,2354.3,2237.3,5.88E-03,2.00E-04,2.69E-09,7.89E-08,3.11E-17,2.39E-01,2.63E-01,3.20E-03,0.00E+00,0.00E+00,4.88E-01,0.00E+00,0.00E+00,0.00E+00,239.9898063,228.0632008
1.94,17.67847,1931.01,1699.32,602.84,3.87E-01,-2834.59,-3096.21,19.159,1.7954,1.3419,592.5,3.776,11.822,1384.8,1.6156,2354.2,2237.3,5.86E-03,2.00E-04,2.33E-09,6.91E-08,2.78E-17,2.41E-01,2.63E-01,3.32E-03,0.00E+00,0.00E+00,4.87E-01,0.00E+00,0.00E+00,0.00E+00,239.9796126,228.0632008
1.95,17.58781,1927.07,1695.66,601.26,3.87E-01,-2835.56,-3097.07,19.117,1.8048,1.3414,592.3,3.777,11.817,1384.9,1.6154,2354.1,2237.2,5.85E-03,1.99E-04,2.02E-09,6.06E-08,2.48E-17,2.43E-01,2.62E-01,3.45E-03,0.00E+00,0.00E+00,4.86E-01,0.00E+00,0.00E+00,0.00E+00,239.969419,228.0530071
1.96,17.49807,1923.15,1692,599.69,3.88E-01,-2836.54,-3097.94,19.075,1.8144,1.341,592.1,3.779,11.811,1385,1.6153,2354,2237.1,5.83E-03,1.99E-04,1.75E-09,5.32E-08,2.22E-17,2.44E-01,2.61E-01,3.58E-03,0.00E+00,0.00E+00,4.85E-01,0.00E+00,0.00E+00,0.00E+00,239.9592253,228.0428135
1.97,17.40925,1919.25,1688.37,598.13,3.88E-01,-2837.51,-3091.81,19.033,1.8243,1.3405,591.8,3.78,11.803,1385.1,1.6151,2353.9,2237,5.82E-03,1.98E-04,1.53E-09,4.67E-08,1.99E-17,2.46E-01,2.62E-01,3.71E-03,0.00E+00,0.00E+00,4.83E-01,0.00E+00,0.00E+00,0.00E+00,239.9490316,228.0326198
1.98,17.32133,1915.36,1684.75,596.59,3.88E-01,-2838.48,-3099.67,18.992,1.8344,1.3399,591.6,3.781,11.801,1385.2,1.6149,2353.7,2237,5.81E-03,1.98E-04,1.33E-09,4.11E-08,1.78E-17,2.48E-01,2.60E-01,3.84E-03,0.00E+00,0.00E+00,4.82E-01,0.00E+00,0.00E+00,0.00E+00,239.9286442,228.0326198
1.99,17.23428,1911.49,1681.14,595.07,3.88E-01,-2839.45,-3100.54,18.95,1.8447,1.3394,591.4,3.783,11.796,1385.3,1.6148,2353.6,2236.9,5.79E-03,1.97E-04,1.16E-09,3.62E-08,1.59E-17,2.50E-01,2.59E-01,3.99E-03,0.00E+00,0.00E+00,4.81E-01,0.00E+00,0.00E+00,0.00E+00,239.9184506,228.0224261
2,17.14811,1907.63,1677.55,593.56,3.88E-01,-2840.41,-3101.4,18.91,1.8553,1.3389,591.1,3.784,11.791,1385.4,1.6146,2353.5,2236.8,5.78E-03,1.97E-04,1.01E-09,3.18E-08,1.43E-17,2.51E-01,2.59E-01,4.13E-03,0.00E+00,0.00E+00,4.80E-01,0.00E+00,0.00E+00,0.00E+00,239.9082569,228.0122324
2.01,17.0628,1903.79,1673.97,592.07,3.88E-01,-2841.38,-3102.27,18.869,1.8661,1.3383,590.9,3.785,11.786,1385.4,1.6145,2353.4,2236.7,5.76E-03,1.96E-04,8.78E-10,2.81E-08,1.28E-17,2.53E-01,2.58E-01,4.28E-03,0.00E+00,0.00E+00,4.78E-01,0.00E+00,0.00E+00,0.00E+00,239.8980632,228.0020387
2.02,16.97833,1899.97,1670.41,590.59,3.89E-01,-2842.33,-3103.13,18.829,1.8771,1.3377,590.6,3.787,11.782,1385.5,1.6143,2353.3,2236.7,5.75E-03,1.96E-04,7.67E-10,2.48E-08,1.15E-17,2.55E-01,2.58E-01,4.43E-03,0.00E+00,0.00E+00,4.77E-01,0.00E+00,0.00E+00,0.00E+00,239.8878695,228.0020387
2.03,16.89469,1896.16,1666.87,589.13,3.89E-01,-2843.29,-3104,18.789,1.8885,1.3371,590.4,3.788,11.777,1385.6,1.6141,2353.1,2236.6,5.74E-03,1.95E-04,6.70E-10,2.19E-08,1.03E-17,2.57E-01,2.57E-01,4.59E-03,0.00E+00,0.00E+00,4.76E-01,0.00E+00,0.00E+00,0.00E+00,239.8674822,227.9918451
2.04,16.81188,1892.36,1663.33,587.68,3.89E-01,-2844.25,-3104.86,18.749,1.9001,1.3364,590.2,3.79,11.773,1385.7,1.614,2353,2236.5,5.72E-03,1.95E-04,5.87E-10,1.94E-08,9.27E-18,2.58E-01,2.56E-01,4.75E-03,0.00E+00,0.00E+00,4.75E-01,0.00E+00,0.00E+00,0.00E+00,239.8572885,227.9816514
2.05,16.72987,1888.58,1659.82,586.25,3.89E-01,-2845.2,-3105.73,18.71,1.9119,1.3357,589.9,3.791,11.769,1385.8,1.6138,2352.9,2236.4,5.71E-03,1.94E-04,5.14E-10,1.71E-08,8.33E-18,2.60E-01,2.56E-01,4.91E-03,0.00E+00,0.00E+00,4.73E-01,0.00E+00,0.00E+00,0.00E+00,239.8470948,227.9714577
2.06,16.64865,1884.82,1656.31,584.83,3.89E-01,-2846.15,-3106.59,18.67,1.924,1.3351,589.7,3.793,11.765,1385.9,1.6137,2352.8,2236.3,5.69E-03,1.94E-04,4.50E-10,1.52E-08,7.49E-18,2.62E-01,2.55E-01,5.08E-03,0.00E+00,0.00E+00,4.72E-01,0.00E+00,0.00E+00,0.00E+00,239.8369011,227.961264
2.07,16.56822,1881.07,1652.83,583.43,3.89E-01,-2847.1,-3107.46,18.632,1.9364,1.3344,589.4,3.794,11.761,1385.9,1.6135,2352.7,2236.3,5.68E-03,1.94E-04,3.95E-10,1.35E-08,6.74E-18,2.63E-01,2.55E-01,5.25E-03,0.00E+00,0.00E+00,4.71E-01,0.00E+00,0.00E+00,0.00E+00,239.8267074,227.961264
2.08,16.48857,1877.33,1649.35,582.04,3.89E-01,-2848.04,-3108.32,18.593,1.9491,1.3336,589.2,3.795,11.757,1386,1.6134,2352.6,2236.2,5.67E-03,1.93E-04,3.47E-10,1.19E-08,3.07E-18,2.65E-01,2.54E-01,5.43E-03,0.00E+00,0.00E+00,4.70E-01,0.00E+00,0.00E+00,0.00E+00,239.8165138,227.9510703
2.09,16.40968,1873.62,1645.89,580.67,3.89E-01,-2848.99,-3109.19,18.555,1.962,1.332,588.9,3.797,11.753,1386.1,1.6132,2352.4,2236.1,5.65E-03,1.93E-04,3.05E-10,1.06E-08,5.47E-18,2.67E-01,2.53E-01,5.61E-03,0.00E+00,0.00E+00,4.69E-01,0.00E+00,0.00E+00,0.00E+00,239.7961264,227.9408767
2.1,16.33154,1869.91,1642.45,579.31,3.90E-01,-2849.93,-3110.06,18.517,1.9753,1.3321,588.7,3.798,11.75,1386.2,1.6131,2352.3,2236,5.64E-03,1.92E-04,2.68E-10,9.44E-09,4.93E-18,2.68E-01,2.53E-01,5.80E-03,0.00E+00,0.00E+00,4.67E-01,0.00E+00,0.00E+00,0.00E+00,239.7859327,227.930683
